SpDiam_A,SpMax_A
SpAD_A,SpAbs_A
VE3_A,VE1_A
VR1_A,VE1_A
VR2_A,VR1_A
VR3_A,VR2_A
ATS1dv,ATS0dv
ATS2dv,ATS0dv
ATS2dv,ATS1dv
ATS3dv,ATS1dv
ATS3dv,ATS2dv
ATS4dv,ATS3dv
ATS0d,ATS0dv
ATS0d,ATS1dv
ATS0d,ATS2dv
ATS1d,ATS0dv
ATS1d,ATS1dv
ATS1d,ATS2dv
ATS1d,ATS3dv
ATS1d,ATS0d
ATS2d,ATS1d
ATS3d,ATS1d
ATS3d,ATS2d
ATS4d,ATS3d
ATS5d,ATS4d
ATS0s,ATS0dv
ATS0s,ATS0d
ATS1s,ATS0dv
ATS1s,ATS0d
ATS1s,ATS1d
ATS1s,ATS2d
ATS1s,ATS3d
ATS4s,ATS2s
ATS2Z,ATS0dv
ATS2Z,ATS0d
ATS2Z,ATS1d
ATS3Z,ATS1dv
ATS3Z,ATS2dv
ATS3Z,ATS3dv
ATS3Z,ATS1d
ATS3Z,ATS2d
ATS3Z,ATS2s
ATS3Z,ATS4s
ATS3Z,ATS2Z
ATS4Z,ATS1d
ATS4Z,ATS2d
ATS4Z,ATS3d
ATS4Z,ATS3Z
ATS5Z,ATS4d
ATS8Z,ATS8dv
ATS8Z,ATS8d
ATS2m,ATS2Z
ATS3m,ATS1dv
ATS3m,ATS2dv
ATS3m,ATS3dv
ATS3m,ATS1d
ATS3m,ATS2d
ATS3m,ATS2s
ATS3m,ATS4s
ATS3m,ATS2Z
ATS3m,ATS3Z
ATS3m,ATS4Z
ATS4m,ATS4dv
ATS4m,ATS1d
ATS4m,ATS2d
ATS4m,ATS3d
ATS4m,ATS3Z
ATS4m,ATS4Z
ATS4m,ATS3m
ATS5m,ATS5dv
ATS5m,ATS4d
ATS5m,ATS5Z
ATS6m,ATS6Z
ATS7m,ATS7dv
ATS7m,ATS7Z
ATS8m,ATS8dv
ATS8m,ATS8d
ATS8m,ATS8Z
ATS2v,ATS0dv
ATS2v,ATS0d
ATS3v,ATS0dv
ATS3v,ATS0d
ATS3v,ATS1d
ATS3v,ATS2d
ATS3v,ATS3d
ATS3v,ATS1s
ATS3v,ATS3Z
ATS3v,ATS4Z
ATS3v,ATS3m
ATS3v,ATS4m
ATS4v,ATS2d
ATS4v,ATS3d
ATS4v,ATS4d
ATS4v,ATS5s
ATS4v,ATS4Z
ATS4v,ATS4m
ATS4v,ATS3v
ATS5v,ATS4d
ATS5v,ATS5d
ATS5v,ATS5Z
ATS5v,ATS5m
ATS6v,ATS6d
ATS6v,ATS6Z
ATS6v,ATS6m
ATS7v,ATS7d
ATS7v,ATS7Z
ATS7v,ATS7m
ATS8v,ATS8d
ATS8v,ATS8Z
ATS8v,ATS8m
ATS2se,ATS2Z
ATS3se,ATS0dv
ATS3se,ATS0d
ATS3se,ATS1s
ATS3se,ATS2Z
ATS3se,ATS3v
ATS4se,ATS0d
ATS4se,ATS2d
ATS4se,ATS3d
ATS4se,ATS1s
ATS4se,ATS3v
ATS4se,ATS3se
ATS5se,ATS3d
ATS5se,ATS4d
ATS5se,ATS5s
ATS5se,ATS4v
ATS6se,ATS4d
ATS6se,ATS5d
ATS6se,ATS6s
ATS6se,ATS5Z
ATS6se,ATS5v
ATS7se,ATS6d
ATS7se,ATS6v
ATS8se,ATS7d
ATS8se,ATS7v
ATS2pe,ATS0dv
ATS2pe,ATS0d
ATS2pe,ATS2Z
ATS3pe,ATS0dv
ATS3pe,ATS0d
ATS3pe,ATS2d
ATS3pe,ATS1s
ATS3pe,ATS2Z
ATS3pe,ATS3v
ATS3pe,ATS3se
ATS3pe,ATS4se
ATS4pe,ATS0d
ATS4pe,ATS2d
ATS4pe,ATS3d
ATS4pe,ATS1s
ATS4pe,ATS3v
ATS4pe,ATS4v
ATS4pe,ATS3se
ATS4pe,ATS4se
ATS4pe,ATS3pe
ATS5pe,ATS3d
ATS5pe,ATS4d
ATS5pe,ATS5s
ATS5pe,ATS4v
ATS5pe,ATS5se
ATS6pe,ATS4d
ATS6pe,ATS5d
ATS6pe,ATS6s
ATS6pe,ATS5Z
ATS6pe,ATS5v
ATS6pe,ATS6se
ATS7pe,ATS6d
ATS7pe,ATS6v
ATS7pe,ATS7se
ATS8pe,ATS7d
ATS8pe,ATS8s
ATS8pe,ATS7v
ATS8pe,ATS8se
ATS2are,ATS0dv
ATS2are,ATS0d
ATS3are,ATS0dv
ATS3are,ATS0d
ATS3are,ATS2d
ATS3are,ATS1s
ATS3are,ATS2Z
ATS3are,ATS3v
ATS3are,ATS3se
ATS3are,ATS4se
ATS3are,ATS3pe
ATS3are,ATS4pe
ATS4are,ATS0d
ATS4are,ATS2d
ATS4are,ATS3d
ATS4are,ATS1s
ATS4are,ATS3v
ATS4are,ATS4v
ATS4are,ATS3se
ATS4are,ATS4se
ATS4are,ATS3pe
ATS4are,ATS4pe
ATS4are,ATS3are
ATS5are,ATS3d
ATS5are,ATS4d
ATS5are,ATS5s
ATS5are,ATS4v
ATS5are,ATS5se
ATS5are,ATS5pe
ATS6are,ATS4d
ATS6are,ATS5d
ATS6are,ATS6s
ATS6are,ATS5Z
ATS6are,ATS5v
ATS6are,ATS6se
ATS6are,ATS6pe
ATS7are,ATS6d
ATS7are,ATS6v
ATS7are,ATS7se
ATS7are,ATS7pe
ATS8are,ATS7d
ATS8are,ATS8s
ATS8are,ATS7v
ATS8are,ATS8se
ATS8are,ATS8pe
ATS3p,ATS0d
ATS3p,ATS1d
ATS3p,ATS2d
ATS3p,ATS3d
ATS3p,ATS1s
ATS3p,ATS3Z
ATS3p,ATS4Z
ATS3p,ATS3v
ATS3p,ATS4v
ATS3p,ATS3se
ATS3p,ATS4se
ATS3p,ATS3pe
ATS3p,ATS4pe
ATS3p,ATS3are
ATS3p,ATS4are
ATS4p,ATS2d
ATS4p,ATS3d
ATS4p,ATS4d
ATS4p,ATS1s
ATS4p,ATS5s
ATS4p,ATS4Z
ATS4p,ATS4m
ATS4p,ATS3v
ATS4p,ATS4v
ATS4p,ATS4se
ATS4p,ATS5se
ATS4p,ATS4pe
ATS4p,ATS5pe
ATS4p,ATS4are
ATS4p,ATS5are
ATS4p,ATS3p
ATS5p,ATS3d
ATS5p,ATS4d
ATS5p,ATS5d
ATS5p,ATS5Z
ATS5p,ATS5m
ATS5p,ATS4v
ATS5p,ATS5v
ATS5p,ATS5se
ATS5p,ATS6se
ATS5p,ATS5pe
ATS5p,ATS6pe
ATS5p,ATS5are
ATS5p,ATS6are
ATS5p,ATS4p
ATS6p,ATS5d
ATS6p,ATS6v
ATS6p,ATS7se
ATS7p,ATS7d
ATS7p,ATS7v
ATS7p,ATS8se
ATS8p,ATS7d
ATS8p,ATS8d
ATS8p,ATS8Z
ATS8p,ATS8v
ATS8p,ATS8pe
ATS8p,ATS8are
ATS3i,ATS4se
ATS3i,ATS4pe
ATS3i,ATS4are
ATS4i,ATS4se
ATS4i,ATS4pe
ATS4i,ATS4are
ATS4i,ATS3i
ATS5i,ATS3d
ATS5i,ATS4v
ATS5i,ATS5se
ATS5i,ATS5pe
ATS5i,ATS5are
ATS5i,ATS4p
ATS6i,ATS4d
ATS6i,ATS5d
ATS6i,ATS5Z
ATS6i,ATS5v
ATS6i,ATS6se
ATS6i,ATS6pe
ATS6i,ATS6are
ATS6i,ATS5p
ATS7i,ATS6v
ATS7i,ATS7se
ATS7i,ATS7pe
ATS7i,ATS7are
ATS7i,ATS6p
ATS8i,ATS7v
ATS8i,ATS8se
ATS8i,ATS8pe
ATS8i,ATS8are
ATS8i,ATS7p
AATS2dv,AATS1dv
AATS3dv,ATS1dv
AATS3dv,ATS2dv
AATS3dv,ATS3dv
AATS3dv,AATS2dv
AATS1d,AATS0d
AATS2d,SpMax_A
AATS2d,SpDiam_A
AATS2d,ATS1d
AATS2d,AATS1d
AATS3d,ATS2d
AATS3d,ATS3v
AATS3d,ATS4v
AATS3d,AATS2d
AATS0s,AATS0dv
AATS1s,AATS1dv
AATS3s,ATS3s
AATS4s,ATS4s
AATS3Z,AATS2d
AATS0m,AATS0Z
AATS1m,AATS1Z
AATS2m,AATS2dv
AATS2m,AATS2Z
AATS3m,ATS3Z
AATS3m,ATS3m
AATS3m,AATS2d
AATS3m,AATS3Z
AATS4m,AATS4dv
AATS4m,AATS4Z
AATS5m,AATS5Z
AATS2v,AATS0d
AATS2v,AATS1d
AATS3v,ATS1d
AATS3v,ATS3v
AATS3v,AATS2d
AATS3v,AATS3d
AATS3v,AATS3Z
AATS3v,AATS3m
AATS4v,AATS4d
AATS4v,AATS4Z
AATS4v,AATS4m
AATS5v,AATS5Z
AATS5v,AATS5m
AATS0se,AATS0dv
AATS1se,AATS0se
AATS2se,AATS2s
AATS4se,AATS4s
AATS4se,AATS3Z
AATS4se,AATS3m
AATS4se,AATS3v
AATS5se,AATS5s
AATS5se,AATS4v
AATS0pe,AATS0dv
AATS0pe,AATS0se
AATS0pe,AATS1se
AATS1pe,AATS0se
AATS1pe,AATS1se
AATS1pe,AATS0pe
AATS2pe,AATS2s
AATS2pe,AATS2se
AATS3pe,AATS2dv
AATS3pe,AATS2Z
AATS3pe,AATS2m
AATS3pe,AATS3se
AATS3pe,AATS4se
AATS4pe,AATS2dv
AATS4pe,AATS2d
AATS4pe,AATS4s
AATS4pe,AATS3Z
AATS4pe,AATS3m
AATS4pe,AATS3v
AATS4pe,AATS4se
AATS5pe,AATS5s
AATS5pe,AATS4v
AATS5pe,AATS5se
AATS0are,AATS0dv
AATS0are,AATS0se
AATS0are,AATS1se
AATS0are,AATS0pe
AATS0are,AATS1pe
AATS1are,AATS1se
AATS1are,AATS0pe
AATS1are,AATS1pe
AATS1are,AATS0are
AATS2are,AATS2s
AATS2are,AATS2se
AATS2are,AATS2pe
AATS3are,AATS2dv
AATS3are,AATS2m
AATS3are,AATS3se
AATS3are,AATS3pe
AATS4are,AATS2dv
AATS4are,AATS4s
AATS4are,AATS3Z
AATS4are,AATS3m
AATS4are,AATS3v
AATS4are,AATS4se
AATS4are,AATS4pe
AATS5are,AATS5s
AATS5are,AATS4v
AATS5are,AATS5se
AATS5are,AATS5pe
AATS1p,AATS0p
AATS3p,ATS1s
AATS3p,ATS3v
AATS3p,ATS4se
AATS3p,ATS4pe
AATS3p,ATS4are
AATS3p,ATS3p
AATS3p,AATS2d
AATS3p,AATS3d
AATS3p,AATS3v
AATS4p,AATS4d
AATS4p,AATS4v
AATS5p,AATS5v
AATS1i,AATS0i
AATS3i,AATS3p
AATS4i,AATS4p
AATS5i,AATS5p
ATSC1c,nBase
ATSC0d,ATS0dv
ATSC0d,ATS0d
ATSC1d,ATS0dv
ATSC1d,ATS1dv
ATSC1d,ATS2dv
ATSC1d,ATS0d
ATSC1d,ATS1d
ATSC1d,ATS2d
ATSC1d,ATS1s
ATSC1d,ATS3Z
ATSC1d,ATS4Z
ATSC1d,ATS3m
ATSC1d,ATS3v
ATSC1d,ATS3p
ATSC1d,AATS2d
ATSC1d,AATS3v
ATSC1d,AATS3p
ATSC2d,ATS4m
ATSC0Z,ATSC0dv
ATSC2Z,ATSC0d
ATSC5Z,ATSC5dv
ATSC6Z,ATSC6dv
ATSC7Z,ATSC7dv
ATSC8Z,ATSC8dv
ATSC0m,ATSC0dv
ATSC0m,ATSC0Z
ATSC1m,ATSC1Z
ATSC2m,ATSC0d
ATSC2m,ATSC2Z
ATSC3m,ATSC3Z
ATSC4m,ATSC4Z
ATSC5m,ATSC5dv
ATSC5m,ATSC5Z
ATSC6m,ATSC6dv
ATSC6m,ATSC6Z
ATSC7m,ATSC7dv
ATSC7m,ATSC7Z
ATSC8m,ATSC8dv
ATSC8m,ATSC8Z
ATSC0v,ATSC0dv
ATSC0v,ATSC0Z
ATSC0v,ATSC0m
ATSC2v,ATS0dv
ATSC2v,ATS0d
ATSC2v,AATS2v
ATSC2v,AATS2p
ATSC2v,ATSC0d
ATSC2v,ATSC2Z
ATSC2v,ATSC2m
ATSC4v,ATSC3d
ATSC5v,ATSC4d
ATSC6v,ATSC5d
ATSC7v,ATSC6d
ATSC8v,ATSC7d
ATSC0se,ATSC0dv
ATSC0se,ATSC0Z
ATSC0se,ATSC0m
ATSC1se,ATSC0se
ATSC4se,ATSC3c
ATSC4se,ATSC4s
ATSC5se,ATSC5s
ATSC6se,ATSC6s
ATSC7se,ATSC7s
ATSC8se,ATSC8s
ATSC0pe,ATSC0dv
ATSC0pe,ATSC0Z
ATSC0pe,ATSC0m
ATSC0pe,ATSC0se
ATSC1pe,ATSC1se
ATSC2pe,ATSC2se
ATSC3pe,ATSC3se
ATSC4pe,ATSC4s
ATSC4pe,ATSC4se
ATSC5pe,ATSC5s
ATSC5pe,ATSC5se
ATSC6pe,ATSC6s
ATSC6pe,ATSC6se
ATSC7pe,ATSC7s
ATSC7pe,ATSC7se
ATSC8pe,ATSC8dv
ATSC8pe,ATSC8s
ATSC8pe,ATSC8Z
ATSC8pe,ATSC8m
ATSC8pe,ATSC8se
ATSC0are,ATSC0dv
ATSC0are,ATSC0Z
ATSC0are,ATSC0m
ATSC0are,ATSC0se
ATSC0are,ATSC1se
ATSC0are,ATSC0pe
ATSC1are,ATSC1se
ATSC1are,ATSC1pe
ATSC2are,ATSC2se
ATSC2are,ATSC2pe
ATSC3are,ATSC3se
ATSC3are,ATSC3pe
ATSC4are,ATSC4s
ATSC4are,ATSC4se
ATSC4are,ATSC4pe
ATSC5are,ATSC5s
ATSC5are,ATSC5se
ATSC5are,ATSC5pe
ATSC6are,ATSC6s
ATSC6are,ATSC6se
ATSC6are,ATSC6pe
ATSC7are,ATSC7s
ATSC7are,ATSC7se
ATSC7are,ATSC7pe
ATSC8are,ATSC8s
ATSC8are,ATSC8se
ATSC8are,ATSC8pe
ATSC1p,ATSC0v
ATSC3i,ATSC3p
ATSC4i,ATSC4p
ATSC5i,ATSC5p
ATSC6i,ATSC6p
ATSC7i,ATSC7p
ATSC8i,ATSC8p
AATSC1c,AATSC0c
AATSC3c,ATSC3c
AATSC4c,ATSC4c
AATSC5c,ATSC5c
AATSC0dv,ATSC0dv
AATSC0dv,ATSC0se
AATSC0dv,ATSC0pe
AATSC0dv,ATSC0are
AATSC1dv,ATSC1dv
AATSC2dv,ATSC2dv
AATSC3dv,ATSC3dv
AATSC4dv,ATSC4dv
AATSC5dv,ATSC5dv
AATSC0d,AATS0d
AATSC0d,AATS1d
AATSC0d,AATS2v
AATSC0d,ATSC0d
AATSC0d,ATSC2v
AATSC1d,ATS0dv
AATSC1d,ATS1dv
AATSC1d,ATS0d
AATSC1d,ATS1d
AATSC1d,ATS3Z
AATSC1d,ATS3m
AATSC1d,ATS3v
AATSC1d,AATS2d
AATSC1d,AATS3m
AATSC1d,AATS3v
AATSC1d,AATS3p
AATSC1d,ATSC1d
AATSC2d,AATS4v
AATSC2d,ATSC2d
AATSC3d,ATSC3d
AATSC4d,ATSC4d
AATSC4d,ATSC5v
AATSC5d,ATSC5d
AATSC5d,ATSC6v
AATSC1s,ATSC1s
AATSC3s,ATSC3s
AATSC4s,ATSC4s
AATSC4s,ATSC4se
AATSC4s,ATSC4pe
AATSC4s,ATSC4are
AATSC5s,ATSC5s
AATSC5s,ATSC5se
AATSC5s,ATSC5pe
AATSC5s,ATSC5are
AATSC0Z,ATSC0dv
AATSC0Z,ATSC0Z
AATSC0Z,ATSC0m
AATSC0Z,ATSC0se
AATSC0Z,ATSC0pe
AATSC0Z,ATSC0are
AATSC0Z,AATSC0dv
AATSC1Z,ATSC1Z
AATSC1Z,ATSC1m
AATSC2Z,ATSC0d
AATSC2Z,ATSC2Z
AATSC2Z,ATSC2m
AATSC2Z,ATSC2v
AATSC2Z,AATSC0d
AATSC3Z,ATSC3Z
AATSC3Z,ATSC3m
AATSC4Z,ATSC4Z
AATSC4Z,ATSC4m
AATSC5Z,ATSC5Z
AATSC5Z,ATSC5m
AATSC0m,ATSC0dv
AATSC0m,ATSC0Z
AATSC0m,ATSC0m
AATSC0m,ATSC0se
AATSC0m,ATSC0pe
AATSC0m,ATSC0are
AATSC0m,AATSC0dv
AATSC0m,AATSC0Z
AATSC1m,ATSC1Z
AATSC1m,ATSC1m
AATSC1m,AATSC1Z
AATSC2m,ATSC0d
AATSC2m,ATSC2Z
AATSC2m,ATSC2m
AATSC2m,ATSC2v
AATSC2m,AATSC0d
AATSC2m,AATSC2Z
AATSC3m,ATSC3Z
AATSC3m,ATSC3m
AATSC3m,AATSC3Z
AATSC4m,ATSC4Z
AATSC4m,ATSC4m
AATSC4m,AATSC4Z
AATSC5m,ATSC5Z
AATSC5m,ATSC5m
AATSC5m,AATSC5Z
AATSC0v,AATS0p
AATSC0v,AATS1p
AATSC0v,ATSC0v
AATSC0v,ATSC1p
AATSC2v,ATS0dv
AATSC2v,ATS0d
AATSC2v,AATS2v
AATSC2v,AATS2p
AATSC2v,AATS3i
AATSC2v,ATSC0d
AATSC2v,ATSC2v
AATSC2v,AATSC0d
AATSC2v,AATSC1d
AATSC2v,AATSC2Z
AATSC2v,AATSC2m
AATSC3v,ATSC3v
AATSC4v,ATSC4v
AATSC5v,ATSC5v
AATSC1se,ATSC0se
AATSC1se,ATSC1se
AATSC1se,ATSC0pe
AATSC1se,ATSC1pe
AATSC1se,ATSC0are
AATSC1se,ATSC1are
AATSC2se,AATS2se
AATSC3se,ATSC3se
AATSC4se,ATSC4s
AATSC4se,ATSC4se
AATSC4se,ATSC4pe
AATSC4se,ATSC4are
AATSC4se,AATSC4s
AATSC5se,ATSC5s
AATSC5se,ATSC5se
AATSC5se,ATSC5pe
AATSC5se,ATSC5are
AATSC5se,AATSC5s
AATSC0pe,AATSC0se
AATSC1pe,ATSC1se
AATSC1pe,ATSC0pe
AATSC1pe,ATSC1pe
AATSC1pe,ATSC0are
AATSC1pe,ATSC1are
AATSC1pe,AATSC1se
AATSC2pe,AATSC2se
AATSC3pe,ATSC3se
AATSC3pe,ATSC3pe
AATSC3pe,ATSC3are
AATSC3pe,AATSC3se
AATSC4pe,ATSC4s
AATSC4pe,ATSC4se
AATSC4pe,ATSC4pe
AATSC4pe,ATSC4are
AATSC4pe,AATSC4s
AATSC4pe,AATSC4se
AATSC5pe,ATSC5se
AATSC5pe,ATSC5pe
AATSC5pe,ATSC5are
AATSC5pe,AATSC5s
AATSC5pe,AATSC5se
AATSC0are,AATSC0se
AATSC0are,AATSC0pe
AATSC1are,ATSC1se
AATSC1are,ATSC1pe
AATSC1are,ATSC1are
AATSC1are,AATSC1se
AATSC1are,AATSC1pe
AATSC2are,AATSC2se
AATSC2are,AATSC2pe
AATSC3are,ATSC3se
AATSC3are,ATSC3pe
AATSC3are,ATSC3are
AATSC3are,AATSC3se
AATSC3are,AATSC3pe
AATSC4are,ATSC4s
AATSC4are,ATSC4se
AATSC4are,ATSC4pe
AATSC4are,ATSC4are
AATSC4are,AATSC4s
AATSC4are,AATSC4se
AATSC4are,AATSC4pe
AATSC5are,ATSC5s
AATSC5are,ATSC5se
AATSC5are,ATSC5pe
AATSC5are,ATSC5are
AATSC5are,AATSC5s
AATSC5are,AATSC5se
AATSC5are,AATSC5pe
AATSC0p,AATS0p
AATSC0p,AATS1p
AATSC2p,AATS3v
AATSC2p,ATSC2p
AATSC2p,AATSC2v
AATSC3p,ATSC3p
AATSC4p,ATSC4p
AATSC5p,ATSC5p
AATSC0i,AATS0p
AATSC0i,ATSC0v
AATSC0i,ATSC1p
AATSC0i,AATSC0v
AATSC2i,ATSC2p
AATSC2i,AATSC2p
AATSC3i,ATSC3i
AATSC3i,AATSC3p
AATSC4i,ATSC4i
AATSC4i,AATSC4p
AATSC5i,ATSC5i
AATSC5i,AATSC5p
MATS2c,MATS1c
MATS5c,AATSC5c
MATS2dv,ATSC2dv
MATS2dv,AATSC2dv
MATS3dv,ATSC3dv
MATS3dv,AATSC3dv
MATS4dv,ATSC4dv
MATS4dv,AATSC4dv
MATS5dv,ATSC5dv
MATS5dv,AATSC5dv
MATS1d,ATS1d
MATS1d,ATS2d
MATS1d,ATS3Z
MATS1d,ATS3m
MATS1d,ATS3v
MATS1d,ATSC1d
MATS1d,AATSC1d
MATS2d,AATS4v
MATS2d,ATSC2d
MATS2d,AATSC2d
MATS3d,ATSC3d
MATS3d,AATSC3d
MATS4d,ATSC4d
MATS4d,AATSC4d
MATS5d,ATSC5d
MATS5d,AATSC5d
MATS4s,AATSC4s
MATS5s,AATSC5s
MATS1Z,AATSC1Z
MATS1Z,AATSC1m
MATS2Z,ATSC2Z
MATS2Z,ATSC2m
MATS2Z,AATSC0d
MATS2Z,AATSC2Z
MATS2Z,AATSC2m
MATS2Z,AATSC2v
MATS3Z,ATSC3Z
MATS3Z,ATSC3m
MATS3Z,AATSC3Z
MATS3Z,AATSC3m
MATS4Z,ATSC4Z
MATS4Z,ATSC4m
MATS4Z,AATSC4Z
MATS4Z,AATSC4m
MATS5Z,ATSC5Z
MATS5Z,ATSC5m
MATS5Z,AATSC5Z
MATS5Z,AATSC5m
MATS1m,ATSC1m
MATS1m,AATSC1Z
MATS1m,AATSC1m
MATS1m,MATS1Z
MATS2m,ATSC2Z
MATS2m,ATSC2m
MATS2m,AATSC0d
MATS2m,AATSC2Z
MATS2m,AATSC2m
MATS2m,AATSC2v
MATS2m,MATS2Z
MATS3m,ATSC3Z
MATS3m,ATSC3m
MATS3m,AATSC3Z
MATS3m,AATSC3m
MATS3m,MATS3Z
MATS4m,ATSC4Z
MATS4m,ATSC4m
MATS4m,AATSC4Z
MATS4m,AATSC4m
MATS4m,MATS4Z
MATS5m,ATSC5Z
MATS5m,ATSC5m
MATS5m,AATSC5Z
MATS5m,AATSC5m
MATS5m,MATS5Z
MATS1v,AATSC1v
MATS2v,ATS0dv
MATS2v,ATS0d
MATS2v,AATS2v
MATS2v,AATS3i
MATS2v,ATSC2v
MATS2v,AATSC0d
MATS2v,AATSC1d
MATS2v,AATSC2m
MATS2v,AATSC2v
MATS2v,AATSC2p
MATS3v,ATSC3v
MATS3v,AATSC3v
MATS4v,ATSC4v
MATS4v,AATSC4v
MATS5v,ATSC5v
MATS5v,AATSC5v
MATS4se,AATSC4se
MATS4se,AATSC4pe
MATS4se,AATSC4are
MATS4se,MATS4s
MATS5se,AATSC5se
MATS5se,AATSC5pe
MATS5se,AATSC5are
MATS5se,MATS5s
MATS1pe,MATS1se
MATS2pe,MATS2se
MATS3pe,MATS3se
MATS4pe,ATSC4pe
MATS4pe,ATSC4are
MATS4pe,AATSC4se
MATS4pe,AATSC4pe
MATS4pe,AATSC4are
MATS4pe,MATS4s
MATS4pe,MATS4se
MATS5pe,ATSC5pe
MATS5pe,AATSC5se
MATS5pe,AATSC5pe
MATS5pe,AATSC5are
MATS5pe,MATS5s
MATS5pe,MATS5se
MATS1are,MATS1se
MATS1are,MATS1pe
MATS2are,MATS2se
MATS2are,MATS2pe
MATS3are,MATS3se
MATS3are,MATS3pe
MATS4are,ATSC4pe
MATS4are,ATSC4are
MATS4are,AATSC4se
MATS4are,AATSC4pe
MATS4are,AATSC4are
MATS4are,MATS4s
MATS4are,MATS4se
MATS4are,MATS4pe
MATS5are,ATSC5pe
MATS5are,ATSC5are
MATS5are,AATSC5se
MATS5are,AATSC5pe
MATS5are,AATSC5are
MATS5are,MATS5s
MATS5are,MATS5se
MATS5are,MATS5pe
MATS2p,ATSC2p
MATS2p,AATSC2v
MATS2p,AATSC2p
MATS2p,AATSC2i
MATS2p,MATS2v
MATS3p,ATSC3p
MATS3p,AATSC3p
MATS4p,ATSC4p
MATS4p,AATSC4p
MATS4p,AATSC4i
MATS5p,ATSC5p
MATS5p,AATSC5p
MATS5p,AATSC5i
MATS2i,AATSC2p
MATS2i,AATSC2i
MATS2i,MATS2p
MATS3i,ATSC3p
MATS3i,ATSC3i
MATS3i,AATSC3p
MATS3i,AATSC3i
MATS3i,MATS3p
MATS4i,ATSC4i
MATS4i,AATSC4p
MATS4i,AATSC4i
MATS4i,MATS4p
MATS5i,ATSC5i
MATS5i,AATSC5p
MATS5i,AATSC5i
MATS5i,MATS5p
GATS1c,MATS1c
GATS1dv,ATSC0dv
GATS1dv,AATSC0dv
GATS2dv,ATSC0pe
GATS2dv,ATSC0are
GATS2dv,AATSC0dv
GATS2dv,GATS1dv
GATS1d,ATSC1d
GATS1d,AATSC1d
GATS1d,MATS1d
GATS4d,ATSC4d
GATS4d,AATSC4d
GATS4d,MATS4d
GATS5d,AATSC5d
GATS5d,MATS5d
GATS1Z,ATSC0dv
GATS1Z,ATSC0Z
GATS1Z,ATSC0m
GATS1Z,ATSC0se
GATS1Z,ATSC0pe
GATS1Z,ATSC0are
GATS1Z,AATSC0dv
GATS1Z,AATSC0Z
GATS1Z,AATSC0m
GATS4Z,MATS4Z
GATS4Z,MATS4m
GATS5Z,AATSC5Z
GATS5Z,AATSC5m
GATS5Z,MATS5Z
GATS5Z,MATS5m
GATS1m,ATSC0dv
GATS1m,ATSC0Z
GATS1m,ATSC0m
GATS1m,ATSC0v
GATS1m,ATSC0se
GATS1m,ATSC0pe
GATS1m,ATSC0are
GATS1m,AATSC0dv
GATS1m,AATSC0Z
GATS1m,AATSC0m
GATS1m,GATS1Z
GATS2m,GATS2Z
GATS3m,GATS3Z
GATS4m,MATS4Z
GATS4m,MATS4m
GATS4m,GATS4Z
GATS5m,AATSC5Z
GATS5m,AATSC5m
GATS5m,MATS5Z
GATS5m,MATS5m
GATS5m,GATS5Z
GATS1v,AATS0p
GATS1v,ATSC0v
GATS1v,ATSC1p
GATS1v,AATSC0v
GATS1v,AATSC0i
GATS2v,ATS0d
GATS2v,AATS2p
GATS2v,AATS3i
GATS2v,ATSC0d
GATS2v,ATSC2m
GATS2v,ATSC2v
GATS2v,AATSC0d
GATS2v,AATSC2m
GATS2v,AATSC2v
GATS2v,MATS2v
GATS3v,ATSC3v
GATS3v,AATSC3v
GATS3v,MATS3v
GATS4v,ATSC4v
GATS4v,AATSC4v
GATS4v,AATSC4p
GATS4v,MATS4v
GATS4v,MATS4p
GATS5v,AATSC5v
GATS5v,AATSC5p
GATS5v,MATS5v
GATS5v,MATS5p
GATS4se,GATS4s
GATS5se,GATS5s
GATS1pe,ATSC0se
GATS1pe,GATS1se
GATS2pe,GATS2se
GATS3pe,GATS3se
GATS4pe,GATS4s
GATS4pe,GATS4se
GATS5pe,GATS5s
GATS5pe,GATS5se
GATS1are,GATS1se
GATS1are,GATS1pe
GATS2are,GATS2se
GATS2are,GATS2pe
GATS3are,GATS3se
GATS3are,GATS3pe
GATS4are,GATS4s
GATS4are,GATS4se
GATS4are,GATS4pe
GATS5are,GATS5s
GATS5are,GATS5se
GATS5are,GATS5pe
GATS2p,AATS3i
GATS2p,AATSC2v
GATS2p,AATSC2p
GATS2p,MATS2v
GATS2p,MATS2p
GATS2p,GATS2v
GATS3p,ATSC3p
GATS3p,AATSC3p
GATS3p,MATS3p
GATS4p,ATSC4p
GATS4p,AATSC4p
GATS4p,MATS4p
GATS4p,MATS4i
GATS5p,ATSC5p
GATS5p,AATSC5p
GATS5p,MATS5p
GATS1i,AATS2i
GATS1i,AATSC1i
GATS2i,AATS3i
GATS2i,MATS2i
GATS2i,GATS2v
GATS2i,GATS2p
GATS3i,ATSC3i
GATS3i,AATSC3i
GATS3i,MATS3i
GATS3i,GATS3p
GATS4i,ATSC4i
GATS4i,AATSC4i
GATS4i,MATS4i
GATS4i,GATS4p
GATS5i,AATS5i
GATS5i,ATSC5i
GATS5i,AATSC5p
GATS5i,AATSC5i
GATS5i,MATS5p
GATS5i,MATS5i
GATS5i,GATS5p
BCUTc-1h,GATS2dv
BCUTm-1h,BCUTZ-1h
BCUTm-1l,BCUTZ-1l
BCUTse-1h,GATS1se
BCUTse-1h,BCUTdv-1h
BCUTse-1l,ATS0dv
BCUTse-1l,ATS0d
BCUTpe-1h,GATS1se
BCUTpe-1h,BCUTdv-1h
BCUTpe-1h,BCUTse-1h
BCUTpe-1l,BCUTZ-1l
BCUTpe-1l,BCUTm-1l
BCUTpe-1l,BCUTse-1l
BCUTare-1h,GATS1se
BCUTare-1h,BCUTdv-1h
BCUTare-1h,BCUTse-1h
BCUTare-1h,BCUTpe-1h
BCUTare-1l,BCUTZ-1l
BCUTare-1l,BCUTm-1l
BCUTare-1l,BCUTse-1l
BCUTare-1l,BCUTpe-1l
BCUTp-1h,BCUTv-1h
BCUTp-1l,BCUTv-1l
BCUTi-1l,BCUTse-1l
SpAbs_DzZ,AATS3d
SpMax_DzZ,AATS3d
SpMax_DzZ,SpAbs_DzZ
SpDiam_DzZ,SpAbs_DzZ
SpDiam_DzZ,SpMax_DzZ
SpAD_DzZ,AATS3d
SpAD_DzZ,SpAbs_DzZ
SpAD_DzZ,SpMax_DzZ
SpAD_DzZ,SpDiam_DzZ
LogEE_DzZ,AATS3d
LogEE_DzZ,SpAbs_DzZ
LogEE_DzZ,SpMax_DzZ
LogEE_DzZ,SpDiam_DzZ
LogEE_DzZ,SpAD_DzZ
VE3_DzZ,VE1_DzZ
VR3_DzZ,VE2_DzZ
SpAbs_Dzm,AATS3d
SpAbs_Dzm,SpAbs_DzZ
SpAbs_Dzm,SpMax_DzZ
SpAbs_Dzm,SpDiam_DzZ
SpAbs_Dzm,SpAD_DzZ
SpAbs_Dzm,LogEE_DzZ
SpMax_Dzm,AATS3d
SpMax_Dzm,SpAbs_DzZ
SpMax_Dzm,SpMax_DzZ
SpMax_Dzm,SpDiam_DzZ
SpMax_Dzm,SpAD_DzZ
SpMax_Dzm,LogEE_DzZ
SpMax_Dzm,SpAbs_Dzm
SpDiam_Dzm,SpAbs_DzZ
SpDiam_Dzm,SpMax_DzZ
SpDiam_Dzm,SpDiam_DzZ
SpDiam_Dzm,SpAD_DzZ
SpDiam_Dzm,LogEE_DzZ
SpDiam_Dzm,SpAbs_Dzm
SpDiam_Dzm,SpMax_Dzm
SpAD_Dzm,AATS3d
SpAD_Dzm,SpAbs_DzZ
SpAD_Dzm,SpMax_DzZ
SpAD_Dzm,SpDiam_DzZ
SpAD_Dzm,SpAD_DzZ
SpAD_Dzm,LogEE_DzZ
SpAD_Dzm,SpAbs_Dzm
SpAD_Dzm,SpMax_Dzm
SpAD_Dzm,SpDiam_Dzm
SpMAD_Dzm,SpMAD_DzZ
LogEE_Dzm,AATS3d
LogEE_Dzm,SpAbs_DzZ
LogEE_Dzm,SpMax_DzZ
LogEE_Dzm,SpDiam_DzZ
LogEE_Dzm,SpAD_DzZ
LogEE_Dzm,LogEE_DzZ
LogEE_Dzm,SpAbs_Dzm
LogEE_Dzm,SpMax_Dzm
LogEE_Dzm,SpDiam_Dzm
LogEE_Dzm,SpAD_Dzm
VE1_Dzm,VE1_DzZ
VE1_Dzm,VE3_DzZ
VE2_Dzm,VE2_DzZ
VE2_Dzm,VR3_DzZ
VE3_Dzm,VE1_DzZ
VE3_Dzm,VE3_DzZ
VE3_Dzm,VE1_Dzm
VR1_Dzm,VR1_DzZ
VR2_Dzm,VR2_DzZ
VR3_Dzm,VE2_DzZ
VR3_Dzm,VR3_DzZ
VR3_Dzm,VE2_Dzm
SpAbs_Dzv,AATS3d
SpAbs_Dzv,SpAbs_DzZ
SpAbs_Dzv,SpMax_DzZ
SpAbs_Dzv,SpDiam_DzZ
SpAbs_Dzv,SpAD_DzZ
SpAbs_Dzv,LogEE_DzZ
SpAbs_Dzv,SpAbs_Dzm
SpAbs_Dzv,SpMax_Dzm
SpAbs_Dzv,SpDiam_Dzm
SpAbs_Dzv,SpAD_Dzm
SpAbs_Dzv,LogEE_Dzm
SpMax_Dzv,AATS3d
SpMax_Dzv,SpAbs_DzZ
SpMax_Dzv,SpMax_DzZ
SpMax_Dzv,SpDiam_DzZ
SpMax_Dzv,SpAD_DzZ
SpMax_Dzv,LogEE_DzZ
SpMax_Dzv,SpAbs_Dzm
SpMax_Dzv,SpMax_Dzm
SpMax_Dzv,SpDiam_Dzm
SpMax_Dzv,SpAD_Dzm
SpMax_Dzv,LogEE_Dzm
SpMax_Dzv,SpAbs_Dzv
SpDiam_Dzv,SpAbs_DzZ
SpDiam_Dzv,SpMax_DzZ
SpDiam_Dzv,SpDiam_DzZ
SpDiam_Dzv,SpAD_DzZ
SpDiam_Dzv,LogEE_DzZ
SpDiam_Dzv,SpAbs_Dzm
SpDiam_Dzv,SpMax_Dzm
SpDiam_Dzv,SpDiam_Dzm
SpDiam_Dzv,SpAD_Dzm
SpDiam_Dzv,LogEE_Dzm
SpDiam_Dzv,SpAbs_Dzv
SpDiam_Dzv,SpMax_Dzv
SpAD_Dzv,AATS3d
SpAD_Dzv,SpAbs_DzZ
SpAD_Dzv,SpMax_DzZ
SpAD_Dzv,SpDiam_DzZ
SpAD_Dzv,SpAD_DzZ
SpAD_Dzv,LogEE_DzZ
SpAD_Dzv,SpAbs_Dzm
SpAD_Dzv,SpMax_Dzm
SpAD_Dzv,SpDiam_Dzm
SpAD_Dzv,SpAD_Dzm
SpAD_Dzv,LogEE_Dzm
SpAD_Dzv,SpAbs_Dzv
SpAD_Dzv,SpMax_Dzv
SpAD_Dzv,SpDiam_Dzv
SpMAD_Dzv,SpMAD_DzZ
SpMAD_Dzv,SpMAD_Dzm
LogEE_Dzv,AATS3d
LogEE_Dzv,SpAbs_DzZ
LogEE_Dzv,SpMax_DzZ
LogEE_Dzv,SpDiam_DzZ
LogEE_Dzv,SpAD_DzZ
LogEE_Dzv,LogEE_DzZ
LogEE_Dzv,SpAbs_Dzm
LogEE_Dzv,SpMax_Dzm
LogEE_Dzv,SpDiam_Dzm
LogEE_Dzv,SpAD_Dzm
LogEE_Dzv,LogEE_Dzm
LogEE_Dzv,SpAbs_Dzv
LogEE_Dzv,SpMax_Dzv
LogEE_Dzv,SpDiam_Dzv
LogEE_Dzv,SpAD_Dzv
VE2_Dzv,VE2_DzZ
VE2_Dzv,VR3_DzZ
VE2_Dzv,VE2_Dzm
VE2_Dzv,VR3_Dzm
VE3_Dzv,VE3_DzZ
VE3_Dzv,VE3_Dzm
VR1_Dzv,VR1_DzZ
VR1_Dzv,VR1_Dzm
VR2_Dzv,VR2_DzZ
VR2_Dzv,VR2_Dzm
VR3_Dzv,VE2_DzZ
VR3_Dzv,VR3_DzZ
VR3_Dzv,VE2_Dzm
VR3_Dzv,VR3_Dzm
VR3_Dzv,VE2_Dzv
SpAbs_Dzse,AATS2d
SpAbs_Dzse,AATS3d
SpAbs_Dzse,SpAbs_DzZ
SpAbs_Dzse,SpMax_DzZ
SpAbs_Dzse,SpDiam_DzZ
SpAbs_Dzse,SpAD_DzZ
SpAbs_Dzse,LogEE_DzZ
SpAbs_Dzse,SpAbs_Dzm
SpAbs_Dzse,SpMax_Dzm
SpAbs_Dzse,SpDiam_Dzm
SpAbs_Dzse,SpAD_Dzm
SpAbs_Dzse,LogEE_Dzm
SpAbs_Dzse,SpAbs_Dzv
SpAbs_Dzse,SpMax_Dzv
SpAbs_Dzse,SpDiam_Dzv
SpAbs_Dzse,SpAD_Dzv
SpAbs_Dzse,LogEE_Dzv
SpMax_Dzse,AATS2d
SpMax_Dzse,AATS3d
SpMax_Dzse,SpAbs_DzZ
SpMax_Dzse,SpMax_DzZ
SpMax_Dzse,SpDiam_DzZ
SpMax_Dzse,SpAD_DzZ
SpMax_Dzse,LogEE_DzZ
SpMax_Dzse,SpAbs_Dzm
SpMax_Dzse,SpMax_Dzm
SpMax_Dzse,SpDiam_Dzm
SpMax_Dzse,SpAD_Dzm
SpMax_Dzse,LogEE_Dzm
SpMax_Dzse,SpAbs_Dzv
SpMax_Dzse,SpMax_Dzv
SpMax_Dzse,SpDiam_Dzv
SpMax_Dzse,SpAD_Dzv
SpMax_Dzse,LogEE_Dzv
SpMax_Dzse,SpAbs_Dzse
SpDiam_Dzse,SpAbs_DzZ
SpDiam_Dzse,SpMax_DzZ
SpDiam_Dzse,SpDiam_DzZ
SpDiam_Dzse,SpAD_DzZ
SpDiam_Dzse,LogEE_DzZ
SpDiam_Dzse,SpAbs_Dzm
SpDiam_Dzse,SpMax_Dzm
SpDiam_Dzse,SpDiam_Dzm
SpDiam_Dzse,SpAD_Dzm
SpDiam_Dzse,LogEE_Dzm
SpDiam_Dzse,SpAbs_Dzv
SpDiam_Dzse,SpMax_Dzv
SpDiam_Dzse,SpDiam_Dzv
SpDiam_Dzse,SpAD_Dzv
SpDiam_Dzse,LogEE_Dzv
SpDiam_Dzse,SpAbs_Dzse
SpDiam_Dzse,SpMax_Dzse
SpAD_Dzse,AATS2d
SpAD_Dzse,AATS3d
SpAD_Dzse,SpAbs_DzZ
SpAD_Dzse,SpMax_DzZ
SpAD_Dzse,SpDiam_DzZ
SpAD_Dzse,SpAD_DzZ
SpAD_Dzse,LogEE_DzZ
SpAD_Dzse,SpAbs_Dzm
SpAD_Dzse,SpMax_Dzm
SpAD_Dzse,SpDiam_Dzm
SpAD_Dzse,SpAD_Dzm
SpAD_Dzse,LogEE_Dzm
SpAD_Dzse,SpAbs_Dzv
SpAD_Dzse,SpMax_Dzv
SpAD_Dzse,SpDiam_Dzv
SpAD_Dzse,SpAD_Dzv
SpAD_Dzse,LogEE_Dzv
SpAD_Dzse,SpAbs_Dzse
SpAD_Dzse,SpMax_Dzse
SpAD_Dzse,SpDiam_Dzse
SpMAD_Dzse,ABCGG
SpMAD_Dzse,SpMAD_DzZ
SpMAD_Dzse,SpDiam_Dzv
SpMAD_Dzse,SpMAD_Dzv
SpMAD_Dzse,SpDiam_Dzse
LogEE_Dzse,AATS2d
LogEE_Dzse,AATS3d
LogEE_Dzse,SpAbs_DzZ
LogEE_Dzse,SpMax_DzZ
LogEE_Dzse,SpDiam_DzZ
LogEE_Dzse,SpAD_DzZ
LogEE_Dzse,LogEE_DzZ
LogEE_Dzse,SpAbs_Dzm
LogEE_Dzse,SpMax_Dzm
LogEE_Dzse,SpDiam_Dzm
LogEE_Dzse,SpAD_Dzm
LogEE_Dzse,LogEE_Dzm
LogEE_Dzse,SpAbs_Dzv
LogEE_Dzse,SpMax_Dzv
LogEE_Dzse,SpDiam_Dzv
LogEE_Dzse,SpAD_Dzv
LogEE_Dzse,LogEE_Dzv
LogEE_Dzse,SpAbs_Dzse
LogEE_Dzse,SpMax_Dzse
LogEE_Dzse,SpDiam_Dzse
LogEE_Dzse,SpAD_Dzse
VE1_Dzse,VE1_DzZ
VE1_Dzse,VE3_DzZ
VE1_Dzse,VE1_Dzm
VE1_Dzse,VE3_Dzm
VE1_Dzse,VE3_Dzv
VE2_Dzse,VE2_DzZ
VE2_Dzse,VR3_DzZ
VE2_Dzse,VE2_Dzm
VE2_Dzse,VR3_Dzm
VE2_Dzse,VE2_Dzv
VE2_Dzse,VR3_Dzv
VE3_Dzse,VE3_DzZ
VE3_Dzse,VE1_Dzm
VE3_Dzse,VE3_Dzm
VE3_Dzse,VE3_Dzv
VE3_Dzse,VE1_Dzse
VR1_Dzse,VR1_DzZ
VR1_Dzse,VR1_Dzm
VR1_Dzse,VR1_Dzv
VR2_Dzse,VR2_DzZ
VR2_Dzse,VR2_Dzm
VR2_Dzse,VR2_Dzv
VR3_Dzse,VE2_DzZ
VR3_Dzse,VR3_DzZ
VR3_Dzse,VE2_Dzm
VR3_Dzse,VR3_Dzm
VR3_Dzse,VR3_Dzv
VR3_Dzse,VE2_Dzse
SpAbs_Dzpe,AATS2d
SpAbs_Dzpe,AATS3d
SpAbs_Dzpe,SpAbs_DzZ
SpAbs_Dzpe,SpMax_DzZ
SpAbs_Dzpe,SpDiam_DzZ
SpAbs_Dzpe,SpAD_DzZ
SpAbs_Dzpe,LogEE_DzZ
SpAbs_Dzpe,SpAbs_Dzm
SpAbs_Dzpe,SpMax_Dzm
SpAbs_Dzpe,SpDiam_Dzm
SpAbs_Dzpe,SpAD_Dzm
SpAbs_Dzpe,LogEE_Dzm
SpAbs_Dzpe,SpAbs_Dzv
SpAbs_Dzpe,SpMax_Dzv
SpAbs_Dzpe,SpDiam_Dzv
SpAbs_Dzpe,SpAD_Dzv
SpAbs_Dzpe,LogEE_Dzv
SpAbs_Dzpe,SpAbs_Dzse
SpAbs_Dzpe,SpMax_Dzse
SpAbs_Dzpe,SpDiam_Dzse
SpAbs_Dzpe,SpAD_Dzse
SpAbs_Dzpe,LogEE_Dzse
SpMax_Dzpe,AATS2d
SpMax_Dzpe,AATS3d
SpMax_Dzpe,SpAbs_DzZ
SpMax_Dzpe,SpMax_DzZ
SpMax_Dzpe,SpDiam_DzZ
SpMax_Dzpe,SpAD_DzZ
SpMax_Dzpe,LogEE_DzZ
SpMax_Dzpe,SpAbs_Dzm
SpMax_Dzpe,SpMax_Dzm
SpMax_Dzpe,SpDiam_Dzm
SpMax_Dzpe,SpAD_Dzm
SpMax_Dzpe,LogEE_Dzm
SpMax_Dzpe,SpAbs_Dzv
SpMax_Dzpe,SpMax_Dzv
SpMax_Dzpe,SpDiam_Dzv
SpMax_Dzpe,SpAD_Dzv
SpMax_Dzpe,LogEE_Dzv
SpMax_Dzpe,SpAbs_Dzse
SpMax_Dzpe,SpMax_Dzse
SpMax_Dzpe,SpDiam_Dzse
SpMax_Dzpe,SpAD_Dzse
SpMax_Dzpe,LogEE_Dzse
SpMax_Dzpe,SpAbs_Dzpe
SpDiam_Dzpe,SpAbs_DzZ
SpDiam_Dzpe,SpMax_DzZ
SpDiam_Dzpe,SpDiam_DzZ
SpDiam_Dzpe,SpAD_DzZ
SpDiam_Dzpe,LogEE_DzZ
SpDiam_Dzpe,SpAbs_Dzm
SpDiam_Dzpe,SpMax_Dzm
SpDiam_Dzpe,SpDiam_Dzm
SpDiam_Dzpe,SpAD_Dzm
SpDiam_Dzpe,LogEE_Dzm
SpDiam_Dzpe,SpAbs_Dzv
SpDiam_Dzpe,SpMax_Dzv
SpDiam_Dzpe,SpDiam_Dzv
SpDiam_Dzpe,SpAD_Dzv
SpDiam_Dzpe,LogEE_Dzv
SpDiam_Dzpe,SpAbs_Dzse
SpDiam_Dzpe,SpMax_Dzse
SpDiam_Dzpe,SpDiam_Dzse
SpDiam_Dzpe,SpAD_Dzse
SpDiam_Dzpe,SpMAD_Dzse
SpDiam_Dzpe,LogEE_Dzse
SpDiam_Dzpe,SpAbs_Dzpe
SpDiam_Dzpe,SpMax_Dzpe
SpAD_Dzpe,AATS2d
SpAD_Dzpe,AATS3d
SpAD_Dzpe,SpAbs_DzZ
SpAD_Dzpe,SpMax_DzZ
SpAD_Dzpe,SpDiam_DzZ
SpAD_Dzpe,SpAD_DzZ
SpAD_Dzpe,LogEE_DzZ
SpAD_Dzpe,SpAbs_Dzm
SpAD_Dzpe,SpMax_Dzm
SpAD_Dzpe,SpDiam_Dzm
SpAD_Dzpe,SpAD_Dzm
SpAD_Dzpe,LogEE_Dzm
SpAD_Dzpe,SpAbs_Dzv
SpAD_Dzpe,SpMax_Dzv
SpAD_Dzpe,SpDiam_Dzv
SpAD_Dzpe,SpAD_Dzv
SpAD_Dzpe,LogEE_Dzv
SpAD_Dzpe,SpAbs_Dzse
SpAD_Dzpe,SpMax_Dzse
SpAD_Dzpe,SpDiam_Dzse
SpAD_Dzpe,SpAD_Dzse
SpAD_Dzpe,LogEE_Dzse
SpAD_Dzpe,SpAbs_Dzpe
SpAD_Dzpe,SpMax_Dzpe
SpAD_Dzpe,SpDiam_Dzpe
SpMAD_Dzpe,SpMAD_DzZ
SpMAD_Dzpe,SpDiam_Dzv
SpMAD_Dzpe,SpMAD_Dzv
SpMAD_Dzpe,SpDiam_Dzse
SpMAD_Dzpe,SpMAD_Dzse
SpMAD_Dzpe,SpDiam_Dzpe
LogEE_Dzpe,AATS2d
LogEE_Dzpe,AATS3d
LogEE_Dzpe,SpAbs_DzZ
LogEE_Dzpe,SpMax_DzZ
LogEE_Dzpe,SpDiam_DzZ
LogEE_Dzpe,SpAD_DzZ
LogEE_Dzpe,LogEE_DzZ
LogEE_Dzpe,SpAbs_Dzm
LogEE_Dzpe,SpMax_Dzm
LogEE_Dzpe,SpDiam_Dzm
LogEE_Dzpe,SpAD_Dzm
LogEE_Dzpe,LogEE_Dzm
LogEE_Dzpe,SpAbs_Dzv
LogEE_Dzpe,SpMax_Dzv
LogEE_Dzpe,SpDiam_Dzv
LogEE_Dzpe,SpAD_Dzv
LogEE_Dzpe,LogEE_Dzv
LogEE_Dzpe,SpAbs_Dzse
LogEE_Dzpe,SpMax_Dzse
LogEE_Dzpe,SpDiam_Dzse
LogEE_Dzpe,SpAD_Dzse
LogEE_Dzpe,LogEE_Dzse
LogEE_Dzpe,SpAbs_Dzpe
LogEE_Dzpe,SpMax_Dzpe
LogEE_Dzpe,SpDiam_Dzpe
LogEE_Dzpe,SpAD_Dzpe
VE1_Dzpe,VE1_DzZ
VE1_Dzpe,VE3_DzZ
VE1_Dzpe,VE1_Dzm
VE1_Dzpe,VE3_Dzm
VE1_Dzpe,VE3_Dzv
VE1_Dzpe,VE1_Dzse
VE1_Dzpe,VE3_Dzse
VE2_Dzpe,VE2_DzZ
VE2_Dzpe,VR3_DzZ
VE2_Dzpe,VE2_Dzm
VE2_Dzpe,VR3_Dzm
VE2_Dzpe,VE2_Dzv
VE2_Dzpe,VR3_Dzv
VE2_Dzpe,VE2_Dzse
VE2_Dzpe,VR3_Dzse
VE3_Dzpe,VE3_DzZ
VE3_Dzpe,VE1_Dzm
VE3_Dzpe,VE3_Dzm
VE3_Dzpe,VE3_Dzv
VE3_Dzpe,VE1_Dzse
VE3_Dzpe,VE3_Dzse
VE3_Dzpe,VE1_Dzpe
VR1_Dzpe,VR1_DzZ
VR1_Dzpe,VR1_Dzm
VR1_Dzpe,VR1_Dzv
VR1_Dzpe,VR1_Dzse
VR2_Dzpe,VR2_DzZ
VR2_Dzpe,VR2_Dzm
VR2_Dzpe,VR2_Dzv
VR2_Dzpe,VR2_Dzse
VR3_Dzpe,VE2_DzZ
VR3_Dzpe,VR3_DzZ
VR3_Dzpe,VE2_Dzm
VR3_Dzpe,VR3_Dzm
VR3_Dzpe,VR3_Dzv
VR3_Dzpe,VE2_Dzse
VR3_Dzpe,VR3_Dzse
VR3_Dzpe,VE2_Dzpe
SpAbs_Dzare,AATS2d
SpAbs_Dzare,AATS3d
SpAbs_Dzare,SpAbs_DzZ
SpAbs_Dzare,SpMax_DzZ
SpAbs_Dzare,SpDiam_DzZ
SpAbs_Dzare,SpAD_DzZ
SpAbs_Dzare,LogEE_DzZ
SpAbs_Dzare,SpAbs_Dzm
SpAbs_Dzare,SpMax_Dzm
SpAbs_Dzare,SpDiam_Dzm
SpAbs_Dzare,SpAD_Dzm
SpAbs_Dzare,LogEE_Dzm
SpAbs_Dzare,SpAbs_Dzv
SpAbs_Dzare,SpMax_Dzv
SpAbs_Dzare,SpDiam_Dzv
SpAbs_Dzare,SpAD_Dzv
SpAbs_Dzare,LogEE_Dzv
SpAbs_Dzare,SpAbs_Dzse
SpAbs_Dzare,SpMax_Dzse
SpAbs_Dzare,SpDiam_Dzse
SpAbs_Dzare,SpAD_Dzse
SpAbs_Dzare,LogEE_Dzse
SpAbs_Dzare,SpAbs_Dzpe
SpAbs_Dzare,SpMax_Dzpe
SpAbs_Dzare,SpDiam_Dzpe
SpAbs_Dzare,SpAD_Dzpe
SpAbs_Dzare,LogEE_Dzpe
SpMax_Dzare,AATS2d
SpMax_Dzare,AATS3d
SpMax_Dzare,SpAbs_DzZ
SpMax_Dzare,SpMax_DzZ
SpMax_Dzare,SpDiam_DzZ
SpMax_Dzare,SpAD_DzZ
SpMax_Dzare,LogEE_DzZ
SpMax_Dzare,SpAbs_Dzm
SpMax_Dzare,SpMax_Dzm
SpMax_Dzare,SpDiam_Dzm
SpMax_Dzare,SpAD_Dzm
SpMax_Dzare,LogEE_Dzm
SpMax_Dzare,SpAbs_Dzv
SpMax_Dzare,SpMax_Dzv
SpMax_Dzare,SpDiam_Dzv
SpMax_Dzare,SpAD_Dzv
SpMax_Dzare,LogEE_Dzv
SpMax_Dzare,SpAbs_Dzse
SpMax_Dzare,SpMax_Dzse
SpMax_Dzare,SpDiam_Dzse
SpMax_Dzare,SpAD_Dzse
SpMax_Dzare,LogEE_Dzse
SpMax_Dzare,SpAbs_Dzpe
SpMax_Dzare,SpMax_Dzpe
SpMax_Dzare,SpDiam_Dzpe
SpMax_Dzare,SpAD_Dzpe
SpMax_Dzare,LogEE_Dzpe
SpMax_Dzare,SpAbs_Dzare
SpDiam_Dzare,SpAbs_DzZ
SpDiam_Dzare,SpMax_DzZ
SpDiam_Dzare,SpDiam_DzZ
SpDiam_Dzare,SpAD_DzZ
SpDiam_Dzare,LogEE_DzZ
SpDiam_Dzare,SpAbs_Dzm
SpDiam_Dzare,SpMax_Dzm
SpDiam_Dzare,SpDiam_Dzm
SpDiam_Dzare,SpAD_Dzm
SpDiam_Dzare,LogEE_Dzm
SpDiam_Dzare,SpAbs_Dzv
SpDiam_Dzare,SpMax_Dzv
SpDiam_Dzare,SpDiam_Dzv
SpDiam_Dzare,SpAD_Dzv
SpDiam_Dzare,LogEE_Dzv
SpDiam_Dzare,SpAbs_Dzse
SpDiam_Dzare,SpMax_Dzse
SpDiam_Dzare,SpDiam_Dzse
SpDiam_Dzare,SpAD_Dzse
SpDiam_Dzare,LogEE_Dzse
SpDiam_Dzare,SpAbs_Dzpe
SpDiam_Dzare,SpMax_Dzpe
SpDiam_Dzare,SpDiam_Dzpe
SpDiam_Dzare,SpAD_Dzpe
SpDiam_Dzare,SpMAD_Dzpe
SpDiam_Dzare,LogEE_Dzpe
SpDiam_Dzare,SpAbs_Dzare
SpDiam_Dzare,SpMax_Dzare
SpAD_Dzare,AATS2d
SpAD_Dzare,AATS3d
SpAD_Dzare,SpAbs_DzZ
SpAD_Dzare,SpMax_DzZ
SpAD_Dzare,SpDiam_DzZ
SpAD_Dzare,SpAD_DzZ
SpAD_Dzare,LogEE_DzZ
SpAD_Dzare,SpAbs_Dzm
SpAD_Dzare,SpMax_Dzm
SpAD_Dzare,SpDiam_Dzm
SpAD_Dzare,SpAD_Dzm
SpAD_Dzare,LogEE_Dzm
SpAD_Dzare,SpAbs_Dzv
SpAD_Dzare,SpMax_Dzv
SpAD_Dzare,SpDiam_Dzv
SpAD_Dzare,SpAD_Dzv
SpAD_Dzare,LogEE_Dzv
SpAD_Dzare,SpAbs_Dzse
SpAD_Dzare,SpMax_Dzse
SpAD_Dzare,SpDiam_Dzse
SpAD_Dzare,SpAD_Dzse
SpAD_Dzare,LogEE_Dzse
SpAD_Dzare,SpAbs_Dzpe
SpAD_Dzare,SpMax_Dzpe
SpAD_Dzare,SpDiam_Dzpe
SpAD_Dzare,SpAD_Dzpe
SpAD_Dzare,LogEE_Dzpe
SpAD_Dzare,SpAbs_Dzare
SpAD_Dzare,SpMax_Dzare
SpAD_Dzare,SpDiam_Dzare
SpMAD_Dzare,SpMAD_DzZ
SpMAD_Dzare,SpDiam_Dzv
SpMAD_Dzare,SpMAD_Dzv
SpMAD_Dzare,SpDiam_Dzse
SpMAD_Dzare,SpMAD_Dzse
SpMAD_Dzare,SpDiam_Dzpe
SpMAD_Dzare,SpMAD_Dzpe
SpMAD_Dzare,SpDiam_Dzare
LogEE_Dzare,AATS2d
LogEE_Dzare,AATS3d
LogEE_Dzare,SpAbs_DzZ
LogEE_Dzare,SpMax_DzZ
LogEE_Dzare,SpDiam_DzZ
LogEE_Dzare,SpAD_DzZ
LogEE_Dzare,LogEE_DzZ
LogEE_Dzare,SpAbs_Dzm
LogEE_Dzare,SpMax_Dzm
LogEE_Dzare,SpDiam_Dzm
LogEE_Dzare,SpAD_Dzm
LogEE_Dzare,LogEE_Dzm
LogEE_Dzare,SpAbs_Dzv
LogEE_Dzare,SpMax_Dzv
LogEE_Dzare,SpDiam_Dzv
LogEE_Dzare,SpAD_Dzv
LogEE_Dzare,LogEE_Dzv
LogEE_Dzare,SpAbs_Dzse
LogEE_Dzare,SpMax_Dzse
LogEE_Dzare,SpDiam_Dzse
LogEE_Dzare,SpAD_Dzse
LogEE_Dzare,LogEE_Dzse
LogEE_Dzare,SpAbs_Dzpe
LogEE_Dzare,SpMax_Dzpe
LogEE_Dzare,SpDiam_Dzpe
LogEE_Dzare,SpAD_Dzpe
LogEE_Dzare,LogEE_Dzpe
LogEE_Dzare,SpAbs_Dzare
LogEE_Dzare,SpMax_Dzare
LogEE_Dzare,SpDiam_Dzare
LogEE_Dzare,SpAD_Dzare
VE1_Dzare,VE1_DzZ
VE1_Dzare,VE3_DzZ
VE1_Dzare,VE1_Dzm
VE1_Dzare,VE3_Dzm
VE1_Dzare,VE3_Dzv
VE1_Dzare,VE1_Dzse
VE1_Dzare,VE3_Dzse
VE1_Dzare,VE1_Dzpe
VE1_Dzare,VE3_Dzpe
VE2_Dzare,VE2_DzZ
VE2_Dzare,VR3_DzZ
VE2_Dzare,VE2_Dzm
VE2_Dzare,VR3_Dzm
VE2_Dzare,VE2_Dzv
VE2_Dzare,VR3_Dzv
VE2_Dzare,VE2_Dzse
VE2_Dzare,VR3_Dzse
VE2_Dzare,VE2_Dzpe
VE2_Dzare,VR3_Dzpe
VE3_Dzare,VE3_DzZ
VE3_Dzare,VE1_Dzm
VE3_Dzare,VE3_Dzm
VE3_Dzare,VE3_Dzv
VE3_Dzare,VE1_Dzse
VE3_Dzare,VE3_Dzse
VE3_Dzare,VE1_Dzpe
VE3_Dzare,VE3_Dzpe
VE3_Dzare,VE1_Dzare
VR1_Dzare,VR1_DzZ
VR1_Dzare,VR1_Dzm
VR1_Dzare,VR1_Dzv
VR1_Dzare,VR1_Dzse
VR1_Dzare,VR1_Dzpe
VR2_Dzare,VR2_DzZ
VR2_Dzare,VR2_Dzm
VR2_Dzare,VR2_Dzv
VR2_Dzare,VR2_Dzse
VR2_Dzare,VR2_Dzpe
VR3_Dzare,VE2_DzZ
VR3_Dzare,VR3_DzZ
VR3_Dzare,VE2_Dzm
VR3_Dzare,VR3_Dzm
VR3_Dzare,VR3_Dzv
VR3_Dzare,VE2_Dzse
VR3_Dzare,VR3_Dzse
VR3_Dzare,VE2_Dzpe
VR3_Dzare,VR3_Dzpe
VR3_Dzare,VE2_Dzare
SpAbs_Dzp,AATS3d
SpAbs_Dzp,SpAbs_DzZ
SpAbs_Dzp,SpMax_DzZ
SpAbs_Dzp,SpDiam_DzZ
SpAbs_Dzp,SpAD_DzZ
SpAbs_Dzp,LogEE_DzZ
SpAbs_Dzp,SpAbs_Dzm
SpAbs_Dzp,SpMax_Dzm
SpAbs_Dzp,SpAD_Dzm
SpAbs_Dzp,LogEE_Dzm
SpAbs_Dzp,SpAbs_Dzv
SpAbs_Dzp,SpMax_Dzv
SpAbs_Dzp,SpDiam_Dzv
SpAbs_Dzp,SpAD_Dzv
SpAbs_Dzp,LogEE_Dzv
SpAbs_Dzp,SpAbs_Dzse
SpAbs_Dzp,SpMax_Dzse
SpAbs_Dzp,SpDiam_Dzse
SpAbs_Dzp,SpAD_Dzse
SpAbs_Dzp,LogEE_Dzse
SpAbs_Dzp,SpAbs_Dzpe
SpAbs_Dzp,SpMax_Dzpe
SpAbs_Dzp,SpDiam_Dzpe
SpAbs_Dzp,SpAD_Dzpe
SpAbs_Dzp,LogEE_Dzpe
SpAbs_Dzp,SpAbs_Dzare
SpAbs_Dzp,SpMax_Dzare
SpAbs_Dzp,SpDiam_Dzare
SpAbs_Dzp,SpAD_Dzare
SpAbs_Dzp,LogEE_Dzare
SpMax_Dzp,AATS3d
SpMax_Dzp,SpAbs_DzZ
SpMax_Dzp,SpMax_DzZ
SpMax_Dzp,SpDiam_DzZ
SpMax_Dzp,SpAD_DzZ
SpMax_Dzp,LogEE_DzZ
SpMax_Dzp,SpAbs_Dzm
SpMax_Dzp,SpMax_Dzm
SpMax_Dzp,SpAD_Dzm
SpMax_Dzp,LogEE_Dzm
SpMax_Dzp,SpAbs_Dzv
SpMax_Dzp,SpMax_Dzv
SpMax_Dzp,SpDiam_Dzv
SpMax_Dzp,SpAD_Dzv
SpMax_Dzp,LogEE_Dzv
SpMax_Dzp,SpAbs_Dzse
SpMax_Dzp,SpMax_Dzse
SpMax_Dzp,SpDiam_Dzse
SpMax_Dzp,SpAD_Dzse
SpMax_Dzp,LogEE_Dzse
SpMax_Dzp,SpAbs_Dzpe
SpMax_Dzp,SpMax_Dzpe
SpMax_Dzp,SpDiam_Dzpe
SpMax_Dzp,SpAD_Dzpe
SpMax_Dzp,LogEE_Dzpe
SpMax_Dzp,SpAbs_Dzare
SpMax_Dzp,SpMax_Dzare
SpMax_Dzp,SpDiam_Dzare
SpMax_Dzp,SpAD_Dzare
SpMax_Dzp,LogEE_Dzare
SpMax_Dzp,SpAbs_Dzp
SpDiam_Dzp,SpAbs_DzZ
SpDiam_Dzp,SpMax_DzZ
SpDiam_Dzp,SpDiam_DzZ
SpDiam_Dzp,SpAD_DzZ
SpDiam_Dzp,LogEE_DzZ
SpDiam_Dzp,SpDiam_Dzm
SpDiam_Dzp,SpAD_Dzm
SpDiam_Dzp,SpAbs_Dzv
SpDiam_Dzp,SpMax_Dzv
SpDiam_Dzp,SpDiam_Dzv
SpDiam_Dzp,SpAD_Dzv
SpDiam_Dzp,LogEE_Dzv
SpDiam_Dzp,SpAbs_Dzse
SpDiam_Dzp,SpMax_Dzse
SpDiam_Dzp,SpDiam_Dzse
SpDiam_Dzp,SpAD_Dzse
SpDiam_Dzp,SpMAD_Dzse
SpDiam_Dzp,LogEE_Dzse
SpDiam_Dzp,SpAbs_Dzpe
SpDiam_Dzp,SpMax_Dzpe
SpDiam_Dzp,SpDiam_Dzpe
SpDiam_Dzp,SpAD_Dzpe
SpDiam_Dzp,SpMAD_Dzpe
SpDiam_Dzp,LogEE_Dzpe
SpDiam_Dzp,SpAbs_Dzare
SpDiam_Dzp,SpMax_Dzare
SpDiam_Dzp,SpDiam_Dzare
SpDiam_Dzp,SpAD_Dzare
SpDiam_Dzp,SpMAD_Dzare
SpDiam_Dzp,LogEE_Dzare
SpDiam_Dzp,SpAbs_Dzp
SpDiam_Dzp,SpMax_Dzp
SpAD_Dzp,AATS3d
SpAD_Dzp,SpAbs_DzZ
SpAD_Dzp,SpMax_DzZ
SpAD_Dzp,SpDiam_DzZ
SpAD_Dzp,SpAD_DzZ
SpAD_Dzp,LogEE_DzZ
SpAD_Dzp,SpAbs_Dzm
SpAD_Dzp,SpMax_Dzm
SpAD_Dzp,SpAD_Dzm
SpAD_Dzp,LogEE_Dzm
SpAD_Dzp,SpAbs_Dzv
SpAD_Dzp,SpMax_Dzv
SpAD_Dzp,SpDiam_Dzv
SpAD_Dzp,SpAD_Dzv
SpAD_Dzp,LogEE_Dzv
SpAD_Dzp,SpAbs_Dzse
SpAD_Dzp,SpMax_Dzse
SpAD_Dzp,SpDiam_Dzse
SpAD_Dzp,SpAD_Dzse
SpAD_Dzp,LogEE_Dzse
SpAD_Dzp,SpAbs_Dzpe
SpAD_Dzp,SpMax_Dzpe
SpAD_Dzp,SpDiam_Dzpe
SpAD_Dzp,SpAD_Dzpe
SpAD_Dzp,LogEE_Dzpe
SpAD_Dzp,SpAbs_Dzare
SpAD_Dzp,SpMax_Dzare
SpAD_Dzp,SpDiam_Dzare
SpAD_Dzp,SpAD_Dzare
SpAD_Dzp,LogEE_Dzare
SpAD_Dzp,SpAbs_Dzp
SpAD_Dzp,SpMax_Dzp
SpAD_Dzp,SpDiam_Dzp
SpMAD_Dzp,SpMAD_DzZ
SpMAD_Dzp,SpMAD_Dzm
SpMAD_Dzp,SpMAD_Dzv
SpMAD_Dzp,SpMAD_Dzse
SpMAD_Dzp,SpMAD_Dzpe
SpMAD_Dzp,SpMAD_Dzare
LogEE_Dzp,AATS3d
LogEE_Dzp,SpAbs_DzZ
LogEE_Dzp,SpMax_DzZ
LogEE_Dzp,SpDiam_DzZ
LogEE_Dzp,SpAD_DzZ
LogEE_Dzp,LogEE_DzZ
LogEE_Dzp,SpAbs_Dzm
LogEE_Dzp,SpMax_Dzm
LogEE_Dzp,SpAD_Dzm
LogEE_Dzp,LogEE_Dzm
LogEE_Dzp,SpAbs_Dzv
LogEE_Dzp,SpMax_Dzv
LogEE_Dzp,SpDiam_Dzv
LogEE_Dzp,SpAD_Dzv
LogEE_Dzp,LogEE_Dzv
LogEE_Dzp,SpAbs_Dzse
LogEE_Dzp,SpMax_Dzse
LogEE_Dzp,SpDiam_Dzse
LogEE_Dzp,SpAD_Dzse
LogEE_Dzp,LogEE_Dzse
LogEE_Dzp,SpAbs_Dzpe
LogEE_Dzp,SpMax_Dzpe
LogEE_Dzp,SpDiam_Dzpe
LogEE_Dzp,SpAD_Dzpe
LogEE_Dzp,LogEE_Dzpe
LogEE_Dzp,SpAbs_Dzare
LogEE_Dzp,SpMax_Dzare
LogEE_Dzp,SpDiam_Dzare
LogEE_Dzp,SpAD_Dzare
LogEE_Dzp,LogEE_Dzare
LogEE_Dzp,SpAbs_Dzp
LogEE_Dzp,SpMax_Dzp
LogEE_Dzp,SpDiam_Dzp
LogEE_Dzp,SpAD_Dzp
VE1_Dzp,VE1_Dzv
VE2_Dzp,VE2_DzZ
VE2_Dzp,VE2_Dzm
VE2_Dzp,VE2_Dzv
VE2_Dzp,VR3_Dzv
VE2_Dzp,VE2_Dzse
VE2_Dzp,VE2_Dzpe
VE2_Dzp,VE2_Dzare
VE3_Dzp,VE3_DzZ
VE3_Dzp,VE3_Dzm
VE3_Dzp,VE3_Dzv
VE3_Dzp,VE1_Dzse
VE3_Dzp,VE3_Dzse
VE3_Dzp,VE1_Dzpe
VE3_Dzp,VE3_Dzpe
VE3_Dzp,VE1_Dzare
VE3_Dzp,VE3_Dzare
VR1_Dzp,VR1_DzZ
VR1_Dzp,VR1_Dzv
VR1_Dzp,VR1_Dzse
VR1_Dzp,VR1_Dzpe
VR1_Dzp,VR1_Dzare
VR2_Dzp,VR2_DzZ
VR2_Dzp,VR2_Dzv
VR3_Dzp,VE2_DzZ
VR3_Dzp,VR3_DzZ
VR3_Dzp,VE2_Dzm
VR3_Dzp,VR3_Dzm
VR3_Dzp,VE2_Dzv
VR3_Dzp,VR3_Dzv
VR3_Dzp,VE2_Dzse
VR3_Dzp,VR3_Dzse
VR3_Dzp,VE2_Dzpe
VR3_Dzp,VR3_Dzpe
VR3_Dzp,VE2_Dzare
VR3_Dzp,VR3_Dzare
VR3_Dzp,VE2_Dzp
SpAbs_Dzi,AATS2d
SpAbs_Dzi,AATS3d
SpAbs_Dzi,SpAbs_DzZ
SpAbs_Dzi,SpMax_DzZ
SpAbs_Dzi,SpDiam_DzZ
SpAbs_Dzi,SpAD_DzZ
SpAbs_Dzi,LogEE_DzZ
SpAbs_Dzi,SpAbs_Dzm
SpAbs_Dzi,SpMax_Dzm
SpAbs_Dzi,SpDiam_Dzm
SpAbs_Dzi,SpAD_Dzm
SpAbs_Dzi,LogEE_Dzm
SpAbs_Dzi,SpAbs_Dzv
SpAbs_Dzi,SpMax_Dzv
SpAbs_Dzi,SpDiam_Dzv
SpAbs_Dzi,SpAD_Dzv
SpAbs_Dzi,LogEE_Dzv
SpAbs_Dzi,SpAbs_Dzse
SpAbs_Dzi,SpMax_Dzse
SpAbs_Dzi,SpDiam_Dzse
SpAbs_Dzi,SpAD_Dzse
SpAbs_Dzi,LogEE_Dzse
SpAbs_Dzi,SpAbs_Dzpe
SpAbs_Dzi,SpMax_Dzpe
SpAbs_Dzi,SpDiam_Dzpe
SpAbs_Dzi,SpAD_Dzpe
SpAbs_Dzi,LogEE_Dzpe
SpAbs_Dzi,SpAbs_Dzare
SpAbs_Dzi,SpMax_Dzare
SpAbs_Dzi,SpDiam_Dzare
SpAbs_Dzi,SpAD_Dzare
SpAbs_Dzi,LogEE_Dzare
SpAbs_Dzi,SpAbs_Dzp
SpAbs_Dzi,SpMax_Dzp
SpAbs_Dzi,SpDiam_Dzp
SpAbs_Dzi,SpAD_Dzp
SpAbs_Dzi,LogEE_Dzp
SpMax_Dzi,AATS2d
SpMax_Dzi,AATS3d
SpMax_Dzi,SpAbs_DzZ
SpMax_Dzi,SpMax_DzZ
SpMax_Dzi,SpDiam_DzZ
SpMax_Dzi,SpAD_DzZ
SpMax_Dzi,LogEE_DzZ
SpMax_Dzi,SpAbs_Dzm
SpMax_Dzi,SpMax_Dzm
SpMax_Dzi,SpDiam_Dzm
SpMax_Dzi,SpAD_Dzm
SpMax_Dzi,LogEE_Dzm
SpMax_Dzi,SpAbs_Dzv
SpMax_Dzi,SpMax_Dzv
SpMax_Dzi,SpDiam_Dzv
SpMax_Dzi,SpAD_Dzv
SpMax_Dzi,LogEE_Dzv
SpMax_Dzi,SpAbs_Dzse
SpMax_Dzi,SpMax_Dzse
SpMax_Dzi,SpDiam_Dzse
SpMax_Dzi,SpAD_Dzse
SpMax_Dzi,LogEE_Dzse
SpMax_Dzi,SpAbs_Dzpe
SpMax_Dzi,SpMax_Dzpe
SpMax_Dzi,SpDiam_Dzpe
SpMax_Dzi,SpAD_Dzpe
SpMax_Dzi,LogEE_Dzpe
SpMax_Dzi,SpAbs_Dzare
SpMax_Dzi,SpMax_Dzare
SpMax_Dzi,SpDiam_Dzare
SpMax_Dzi,SpAD_Dzare
SpMax_Dzi,LogEE_Dzare
SpMax_Dzi,SpAbs_Dzp
SpMax_Dzi,SpMax_Dzp
SpMax_Dzi,SpDiam_Dzp
SpMax_Dzi,SpAD_Dzp
SpMax_Dzi,LogEE_Dzp
SpMax_Dzi,SpAbs_Dzi
SpDiam_Dzi,SpAbs_DzZ
SpDiam_Dzi,SpMax_DzZ
SpDiam_Dzi,SpDiam_DzZ
SpDiam_Dzi,SpAD_DzZ
SpDiam_Dzi,LogEE_DzZ
SpDiam_Dzi,SpAbs_Dzm
SpDiam_Dzi,SpMax_Dzm
SpDiam_Dzi,SpDiam_Dzm
SpDiam_Dzi,SpAD_Dzm
SpDiam_Dzi,LogEE_Dzm
SpDiam_Dzi,SpAbs_Dzv
SpDiam_Dzi,SpMax_Dzv
SpDiam_Dzi,SpDiam_Dzv
SpDiam_Dzi,SpAD_Dzv
SpDiam_Dzi,LogEE_Dzv
SpDiam_Dzi,SpAbs_Dzse
SpDiam_Dzi,SpMax_Dzse
SpDiam_Dzi,SpDiam_Dzse
SpDiam_Dzi,SpAD_Dzse
SpDiam_Dzi,LogEE_Dzse
SpDiam_Dzi,SpAbs_Dzpe
SpDiam_Dzi,SpMax_Dzpe
SpDiam_Dzi,SpDiam_Dzpe
SpDiam_Dzi,SpAD_Dzpe
SpDiam_Dzi,LogEE_Dzpe
SpDiam_Dzi,SpAbs_Dzare
SpDiam_Dzi,SpMax_Dzare
SpDiam_Dzi,SpDiam_Dzare
SpDiam_Dzi,SpAD_Dzare
SpDiam_Dzi,LogEE_Dzare
SpDiam_Dzi,SpAbs_Dzp
SpDiam_Dzi,SpMax_Dzp
SpDiam_Dzi,SpDiam_Dzp
SpDiam_Dzi,SpAD_Dzp
SpDiam_Dzi,LogEE_Dzp
SpDiam_Dzi,SpAbs_Dzi
SpDiam_Dzi,SpMax_Dzi
SpAD_Dzi,AATS2d
SpAD_Dzi,AATS3d
SpAD_Dzi,SpAbs_DzZ
SpAD_Dzi,SpMax_DzZ
SpAD_Dzi,SpDiam_DzZ
SpAD_Dzi,SpAD_DzZ
SpAD_Dzi,LogEE_DzZ
SpAD_Dzi,SpAbs_Dzm
SpAD_Dzi,SpMax_Dzm
SpAD_Dzi,SpDiam_Dzm
SpAD_Dzi,SpAD_Dzm
SpAD_Dzi,LogEE_Dzm
SpAD_Dzi,SpAbs_Dzv
SpAD_Dzi,SpMax_Dzv
SpAD_Dzi,SpDiam_Dzv
SpAD_Dzi,SpAD_Dzv
SpAD_Dzi,LogEE_Dzv
SpAD_Dzi,SpAbs_Dzse
SpAD_Dzi,SpMax_Dzse
SpAD_Dzi,SpDiam_Dzse
SpAD_Dzi,SpAD_Dzse
SpAD_Dzi,LogEE_Dzse
SpAD_Dzi,SpAbs_Dzpe
SpAD_Dzi,SpMax_Dzpe
SpAD_Dzi,SpDiam_Dzpe
SpAD_Dzi,SpAD_Dzpe
SpAD_Dzi,LogEE_Dzpe
SpAD_Dzi,SpAbs_Dzare
SpAD_Dzi,SpMax_Dzare
SpAD_Dzi,SpDiam_Dzare
SpAD_Dzi,SpAD_Dzare
SpAD_Dzi,LogEE_Dzare
SpAD_Dzi,SpAbs_Dzp
SpAD_Dzi,SpMax_Dzp
SpAD_Dzi,SpDiam_Dzp
SpAD_Dzi,SpAD_Dzp
SpAD_Dzi,LogEE_Dzp
SpAD_Dzi,SpAbs_Dzi
SpAD_Dzi,SpMax_Dzi
SpAD_Dzi,SpDiam_Dzi
SpMAD_Dzi,SpMAD_DzZ
SpMAD_Dzi,SpDiam_Dzv
SpMAD_Dzi,SpMAD_Dzv
SpMAD_Dzi,SpDiam_Dzse
SpMAD_Dzi,SpMAD_Dzse
SpMAD_Dzi,SpDiam_Dzpe
SpMAD_Dzi,SpMAD_Dzpe
SpMAD_Dzi,SpDiam_Dzare
SpMAD_Dzi,SpMAD_Dzare
SpMAD_Dzi,SpDiam_Dzp
SpMAD_Dzi,SpMAD_Dzp
SpMAD_Dzi,SpDiam_Dzi
LogEE_Dzi,AATS2d
LogEE_Dzi,AATS3d
LogEE_Dzi,SpAbs_DzZ
LogEE_Dzi,SpMax_DzZ
LogEE_Dzi,SpDiam_DzZ
LogEE_Dzi,SpAD_DzZ
LogEE_Dzi,LogEE_DzZ
LogEE_Dzi,SpAbs_Dzm
LogEE_Dzi,SpMax_Dzm
LogEE_Dzi,SpDiam_Dzm
LogEE_Dzi,SpAD_Dzm
LogEE_Dzi,LogEE_Dzm
LogEE_Dzi,SpAbs_Dzv
LogEE_Dzi,SpMax_Dzv
LogEE_Dzi,SpDiam_Dzv
LogEE_Dzi,SpAD_Dzv
LogEE_Dzi,LogEE_Dzv
LogEE_Dzi,SpAbs_Dzse
LogEE_Dzi,SpMax_Dzse
LogEE_Dzi,SpDiam_Dzse
LogEE_Dzi,SpAD_Dzse
LogEE_Dzi,LogEE_Dzse
LogEE_Dzi,SpAbs_Dzpe
LogEE_Dzi,SpMax_Dzpe
LogEE_Dzi,SpDiam_Dzpe
LogEE_Dzi,SpAD_Dzpe
LogEE_Dzi,LogEE_Dzpe
LogEE_Dzi,SpAbs_Dzare
LogEE_Dzi,SpMax_Dzare
LogEE_Dzi,SpDiam_Dzare
LogEE_Dzi,SpAD_Dzare
LogEE_Dzi,LogEE_Dzare
LogEE_Dzi,SpAbs_Dzp
LogEE_Dzi,SpMax_Dzp
LogEE_Dzi,SpDiam_Dzp
LogEE_Dzi,SpAD_Dzp
LogEE_Dzi,LogEE_Dzp
LogEE_Dzi,SpAbs_Dzi
LogEE_Dzi,SpMax_Dzi
LogEE_Dzi,SpDiam_Dzi
LogEE_Dzi,SpAD_Dzi
VE1_Dzi,VE1_DzZ
VE1_Dzi,VE3_DzZ
VE1_Dzi,VE1_Dzm
VE1_Dzi,VE3_Dzm
VE1_Dzi,VE3_Dzv
VE1_Dzi,VE1_Dzse
VE1_Dzi,VE3_Dzse
VE1_Dzi,VE1_Dzpe
VE1_Dzi,VE3_Dzpe
VE1_Dzi,VE1_Dzare
VE1_Dzi,VE3_Dzare
VE1_Dzi,VE3_Dzp
VE2_Dzi,VE2_DzZ
VE2_Dzi,VR3_DzZ
VE2_Dzi,VE2_Dzm
VE2_Dzi,VR3_Dzm
VE2_Dzi,VE2_Dzv
VE2_Dzi,VR3_Dzv
VE2_Dzi,VE2_Dzse
VE2_Dzi,VR3_Dzse
VE2_Dzi,VE2_Dzpe
VE2_Dzi,VR3_Dzpe
VE2_Dzi,VE2_Dzare
VE2_Dzi,VR3_Dzare
VE2_Dzi,VE2_Dzp
VE2_Dzi,VR3_Dzp
VE3_Dzi,VE3_DzZ
VE3_Dzi,VE1_Dzm
VE3_Dzi,VE3_Dzm
VE3_Dzi,VE3_Dzv
VE3_Dzi,VE1_Dzse
VE3_Dzi,VE3_Dzse
VE3_Dzi,VE1_Dzpe
VE3_Dzi,VE3_Dzpe
VE3_Dzi,VE1_Dzare
VE3_Dzi,VE3_Dzare
VE3_Dzi,VE3_Dzp
VE3_Dzi,VE1_Dzi
VR1_Dzi,VR1_DzZ
VR1_Dzi,VR1_Dzm
VR1_Dzi,VR1_Dzv
VR1_Dzi,VR1_Dzse
VR1_Dzi,VR1_Dzpe
VR1_Dzi,VR1_Dzare
VR1_Dzi,VR1_Dzp
VR2_Dzi,VR2_DzZ
VR2_Dzi,VR2_Dzm
VR2_Dzi,VR2_Dzv
VR2_Dzi,VR2_Dzse
VR2_Dzi,VR2_Dzpe
VR2_Dzi,VR2_Dzare
VR3_Dzi,VE2_DzZ
VR3_Dzi,VR3_DzZ
VR3_Dzi,VE2_Dzm
VR3_Dzi,VR3_Dzm
VR3_Dzi,VR3_Dzv
VR3_Dzi,VE2_Dzse
VR3_Dzi,VR3_Dzse
VR3_Dzi,VE2_Dzpe
VR3_Dzi,VR3_Dzpe
VR3_Dzi,VE2_Dzare
VR3_Dzi,VR3_Dzare
VR3_Dzi,VR3_Dzp
VR3_Dzi,VE2_Dzi
Xch-3dv,Xch-3d
Xch-4dv,Xch-4d
Xc-5d,ATS0dv
Xc-5d,ATS0d
Xc-3dv,SpAbs_A
Xc-3dv,SpAD_A
Xc-3dv,ATS4i
Xc-4dv,Xc-4d
Xc-5dv,ATS0dv
Xc-5dv,ATS0d
Xc-5dv,Xc-5d
Xc-6dv,Xc-6d
Xpc-4d,ATS0dv
Xpc-4d,ATS0d
Xpc-4d,Xc-5d
Xpc-5d,ATS1dv
Xpc-5d,ATS2dv
Xpc-5d,ATS1d
Xpc-5d,ATS2d
Xpc-5d,ATS4s
Xpc-5d,ATS3Z
Xpc-5d,ATS4Z
Xpc-5d,ATS3m
Xpc-5d,ATS3v
Xpc-5d,AATS3m
Xpc-5d,AATS3v
Xpc-5d,ATSC1d
Xpc-5d,AATSC1d
Xpc-5d,MATS1d
Xpc-6d,ATS3dv
Xpc-6d,ATS1d
Xpc-6d,ATS2d
Xpc-6d,ATS3d
Xpc-6d,ATS1s
Xpc-6d,ATS3Z
Xpc-6d,ATS4Z
Xpc-6d,ATS3m
Xpc-6d,ATS4m
Xpc-6d,ATS3v
Xpc-6d,ATS4v
Xpc-6d,ATS3p
Xpc-6d,ATS4p
Xpc-6d,AATS3d
Xpc-6d,ATSC1d
Xpc-6d,MATS1d
Xpc-6d,Xpc-5d
Xpc-4dv,ATS0dv
Xpc-4dv,ATS0d
Xpc-4dv,ATS1d
Xpc-4dv,ATS1s
Xpc-4dv,ATS3v
Xpc-4dv,ATS4se
Xpc-4dv,ATS4pe
Xpc-4dv,ATS4are
Xpc-4dv,ATS3p
Xpc-4dv,ATSC1d
Xpc-4dv,Xc-5dv
Xpc-4dv,Xpc-5d
Xpc-5dv,ATS1d
Xpc-5dv,ATS2d
Xpc-5dv,ATS3d
Xpc-5dv,ATS1s
Xpc-5dv,ATS3Z
Xpc-5dv,ATS4Z
Xpc-5dv,ATS4m
Xpc-5dv,ATS3v
Xpc-5dv,ATS4v
Xpc-5dv,ATS4se
Xpc-5dv,ATS5se
Xpc-5dv,ATS4pe
Xpc-5dv,ATS5pe
Xpc-5dv,ATS4are
Xpc-5dv,ATS5are
Xpc-5dv,ATS3p
Xpc-5dv,ATS4p
Xpc-5dv,ATS5i
Xpc-5dv,ATSC1d
Xpc-5dv,Xpc-5d
Xpc-5dv,Xpc-6d
Xpc-6dv,ATS2d
Xpc-6dv,ATS3d
Xpc-6dv,ATS4d
Xpc-6dv,ATS1s
Xpc-6dv,ATS4Z
Xpc-6dv,ATS4m
Xpc-6dv,ATS3v
Xpc-6dv,ATS4v
Xpc-6dv,ATS5se
Xpc-6dv,ATS5pe
Xpc-6dv,ATS5are
Xpc-6dv,ATS3p
Xpc-6dv,ATS4p
Xpc-6dv,ATS5p
Xpc-6dv,Xpc-6d
Xpc-6dv,Xpc-5dv
Xp-0d,ATS0dv
Xp-0d,ATS0d
Xp-0d,ATS2Z
Xp-1d,SpAbs_A
Xp-1d,SpAD_A
Xp-1d,ATS0dv
Xp-1d,ATS0d
Xp-1d,ATS4i
Xp-1d,Xc-3dv
Xp-2d,ABC
Xp-2d,Xc-3d
Xp-3d,ATS0dv
Xp-3d,ATS0d
Xp-3d,Xc-5d
Xp-3d,Xpc-4d
Xp-4d,ATS1d
Xp-4d,ATS4Z
Xp-4d,ATS4m
Xp-4d,Xpc-5d
AXp-2d,AATS1d
AXp-2d,AATSC1d
AXp-2d,MATS1d
AXp-3d,MATS2d
Xp-1dv,ATS3i
Xp-1dv,ATS4i
Xp-1dv,Xc-3dv
Xp-1dv,Xp-1d
Xp-2dv,ATS4i
Xp-2dv,Xc-3d
Xp-2dv,Xc-3dv
Xp-2dv,Xp-1d
Xp-2dv,Xp-1dv
Xp-3dv,ATS1d
Xp-3dv,ATS1s
Xp-3dv,ATS3v
Xp-3dv,ATS4se
Xp-3dv,ATS4pe
Xp-3dv,ATS4are
Xp-3dv,ATS3p
Xp-3dv,AATS3p
Xp-3dv,ATSC1d
Xp-3dv,Xpc-4dv
Xp-4dv,ATS4v
Xp-4dv,ATS5pe
Xp-4dv,ATS5are
Xp-4dv,ATS4p
Xp-4dv,Xpc-5dv
Xp-4dv,Xpc-6dv
AXp-2dv,AATSC1dv
AXp-3dv,AXp-2dv
MZ,AATS0Z
MZ,AATS0m
Mm,AATS0Z
Mm,AATS0m
Mm,MZ
Mv,AATS0v
Mse,AATS0dv
Mse,AATS0se
Mse,AATS1se
Mse,AATS0pe
Mse,AATS1pe
Mse,AATS0are
Mse,AATS1are
Mpe,AATS0dv
Mpe,AATS0se
Mpe,AATS1se
Mpe,AATS0pe
Mpe,AATS1pe
Mpe,AATS0are
Mpe,AATS1are
Mpe,Mse
Mare,AATS0dv
Mare,AATS0se
Mare,AATS1se
Mare,AATS0pe
Mare,AATS1pe
Mare,AATS0are
Mare,AATS1are
Mare,Mse
Mare,Mpe
Mp,AATS0p
Mp,AATS1p
Mp,ATSC0v
Mp,ATSC1p
Mp,AATSC0v
Mp,AATSC0i
Mp,GATS1v
Mi,AATS0i
Mi,AATS1i
SpAbs_D,AATS3d
SpAbs_D,SpAbs_DzZ
SpAbs_D,SpMax_DzZ
SpAbs_D,SpDiam_DzZ
SpAbs_D,SpAD_DzZ
SpAbs_D,LogEE_DzZ
SpAbs_D,SpAbs_Dzm
SpAbs_D,SpMax_Dzm
SpAbs_D,SpDiam_Dzm
SpAbs_D,SpAD_Dzm
SpAbs_D,LogEE_Dzm
SpAbs_D,SpAbs_Dzv
SpAbs_D,SpMax_Dzv
SpAbs_D,SpDiam_Dzv
SpAbs_D,SpAD_Dzv
SpAbs_D,LogEE_Dzv
SpAbs_D,SpAbs_Dzse
SpAbs_D,SpMax_Dzse
SpAbs_D,SpDiam_Dzse
SpAbs_D,SpAD_Dzse
SpAbs_D,LogEE_Dzse
SpAbs_D,SpAbs_Dzpe
SpAbs_D,SpMax_Dzpe
SpAbs_D,SpDiam_Dzpe
SpAbs_D,SpAD_Dzpe
SpAbs_D,LogEE_Dzpe
SpAbs_D,SpAbs_Dzare
SpAbs_D,SpMax_Dzare
SpAbs_D,SpDiam_Dzare
SpAbs_D,SpAD_Dzare
SpAbs_D,LogEE_Dzare
SpAbs_D,SpAbs_Dzp
SpAbs_D,SpMax_Dzp
SpAbs_D,SpDiam_Dzp
SpAbs_D,SpAD_Dzp
SpAbs_D,LogEE_Dzp
SpAbs_D,SpAbs_Dzi
SpAbs_D,SpMax_Dzi
SpAbs_D,SpDiam_Dzi
SpAbs_D,SpAD_Dzi
SpAbs_D,LogEE_Dzi
SpMax_D,AATS3d
SpMax_D,SpAbs_DzZ
SpMax_D,SpMax_DzZ
SpMax_D,SpDiam_DzZ
SpMax_D,SpAD_DzZ
SpMax_D,LogEE_DzZ
SpMax_D,SpAbs_Dzm
SpMax_D,SpMax_Dzm
SpMax_D,SpDiam_Dzm
SpMax_D,SpAD_Dzm
SpMax_D,LogEE_Dzm
SpMax_D,SpAbs_Dzv
SpMax_D,SpMax_Dzv
SpMax_D,SpDiam_Dzv
SpMax_D,SpAD_Dzv
SpMax_D,LogEE_Dzv
SpMax_D,SpAbs_Dzse
SpMax_D,SpMax_Dzse
SpMax_D,SpDiam_Dzse
SpMax_D,SpAD_Dzse
SpMax_D,LogEE_Dzse
SpMax_D,SpAbs_Dzpe
SpMax_D,SpMax_Dzpe
SpMax_D,SpDiam_Dzpe
SpMax_D,SpAD_Dzpe
SpMax_D,LogEE_Dzpe
SpMax_D,SpAbs_Dzare
SpMax_D,SpMax_Dzare
SpMax_D,SpDiam_Dzare
SpMax_D,SpAD_Dzare
SpMax_D,LogEE_Dzare
SpMax_D,SpAbs_Dzp
SpMax_D,SpMax_Dzp
SpMax_D,SpDiam_Dzp
SpMax_D,SpAD_Dzp
SpMax_D,LogEE_Dzp
SpMax_D,SpAbs_Dzi
SpMax_D,SpMax_Dzi
SpMax_D,SpDiam_Dzi
SpMax_D,SpAD_Dzi
SpMax_D,LogEE_Dzi
SpMax_D,SpAbs_D
SpDiam_D,SpAbs_DzZ
SpDiam_D,SpMax_DzZ
SpDiam_D,SpDiam_DzZ
SpDiam_D,SpAD_DzZ
SpDiam_D,LogEE_DzZ
SpDiam_D,SpAbs_Dzm
SpDiam_D,SpMax_Dzm
SpDiam_D,SpDiam_Dzm
SpDiam_D,SpAD_Dzm
SpDiam_D,LogEE_Dzm
SpDiam_D,SpAbs_Dzv
SpDiam_D,SpMax_Dzv
SpDiam_D,SpDiam_Dzv
SpDiam_D,SpAD_Dzv
SpDiam_D,LogEE_Dzv
SpDiam_D,SpAbs_Dzse
SpDiam_D,SpMax_Dzse
SpDiam_D,SpDiam_Dzse
SpDiam_D,SpAD_Dzse
SpDiam_D,SpMAD_Dzse
SpDiam_D,LogEE_Dzse
SpDiam_D,SpAbs_Dzpe
SpDiam_D,SpMax_Dzpe
SpDiam_D,SpDiam_Dzpe
SpDiam_D,SpAD_Dzpe
SpDiam_D,SpMAD_Dzpe
SpDiam_D,LogEE_Dzpe
SpDiam_D,SpAbs_Dzare
SpDiam_D,SpMax_Dzare
SpDiam_D,SpDiam_Dzare
SpDiam_D,SpAD_Dzare
SpDiam_D,SpMAD_Dzare
SpDiam_D,LogEE_Dzare
SpDiam_D,SpAbs_Dzp
SpDiam_D,SpMax_Dzp
SpDiam_D,SpDiam_Dzp
SpDiam_D,SpAD_Dzp
SpDiam_D,LogEE_Dzp
SpDiam_D,SpAbs_Dzi
SpDiam_D,SpMax_Dzi
SpDiam_D,SpDiam_Dzi
SpDiam_D,SpAD_Dzi
SpDiam_D,SpMAD_Dzi
SpDiam_D,LogEE_Dzi
SpDiam_D,SpAbs_D
SpDiam_D,SpMax_D
SpAD_D,AATS3d
SpAD_D,SpAbs_DzZ
SpAD_D,SpMax_DzZ
SpAD_D,SpDiam_DzZ
SpAD_D,SpAD_DzZ
SpAD_D,LogEE_DzZ
SpAD_D,SpAbs_Dzm
SpAD_D,SpMax_Dzm
SpAD_D,SpDiam_Dzm
SpAD_D,SpAD_Dzm
SpAD_D,LogEE_Dzm
SpAD_D,SpAbs_Dzv
SpAD_D,SpMax_Dzv
SpAD_D,SpDiam_Dzv
SpAD_D,SpAD_Dzv
SpAD_D,LogEE_Dzv
SpAD_D,SpAbs_Dzse
SpAD_D,SpMax_Dzse
SpAD_D,SpDiam_Dzse
SpAD_D,SpAD_Dzse
SpAD_D,LogEE_Dzse
SpAD_D,SpAbs_Dzpe
SpAD_D,SpMax_Dzpe
SpAD_D,SpDiam_Dzpe
SpAD_D,SpAD_Dzpe
SpAD_D,LogEE_Dzpe
SpAD_D,SpAbs_Dzare
SpAD_D,SpMax_Dzare
SpAD_D,SpDiam_Dzare
SpAD_D,SpAD_Dzare
SpAD_D,LogEE_Dzare
SpAD_D,SpAbs_Dzp
SpAD_D,SpMax_Dzp
SpAD_D,SpDiam_Dzp
SpAD_D,SpAD_Dzp
SpAD_D,LogEE_Dzp
SpAD_D,SpAbs_Dzi
SpAD_D,SpMax_Dzi
SpAD_D,SpDiam_Dzi
SpAD_D,SpAD_Dzi
SpAD_D,LogEE_Dzi
SpAD_D,SpAbs_D
SpAD_D,SpMax_D
SpAD_D,SpDiam_D
SpMAD_D,ABCGG
SpMAD_D,SpMAD_DzZ
SpMAD_D,SpMAD_Dzm
SpMAD_D,SpDiam_Dzv
SpMAD_D,SpMAD_Dzv
SpMAD_D,SpMAD_Dzse
SpMAD_D,SpMAD_Dzpe
SpMAD_D,SpMAD_Dzare
SpMAD_D,SpDiam_Dzp
SpMAD_D,SpMAD_Dzp
SpMAD_D,SpMAD_Dzi
SpMAD_D,SpDiam_D
LogEE_D,AATS3d
LogEE_D,SpAbs_DzZ
LogEE_D,SpMax_DzZ
LogEE_D,SpDiam_DzZ
LogEE_D,SpAD_DzZ
LogEE_D,LogEE_DzZ
LogEE_D,SpAbs_Dzm
LogEE_D,SpMax_Dzm
LogEE_D,SpDiam_Dzm
LogEE_D,SpAD_Dzm
LogEE_D,LogEE_Dzm
LogEE_D,SpAbs_Dzv
LogEE_D,SpMax_Dzv
LogEE_D,SpDiam_Dzv
LogEE_D,SpAD_Dzv
LogEE_D,LogEE_Dzv
LogEE_D,SpAbs_Dzse
LogEE_D,SpMax_Dzse
LogEE_D,SpDiam_Dzse
LogEE_D,SpAD_Dzse
LogEE_D,LogEE_Dzse
LogEE_D,SpAbs_Dzpe
LogEE_D,SpMax_Dzpe
LogEE_D,SpDiam_Dzpe
LogEE_D,SpAD_Dzpe
LogEE_D,LogEE_Dzpe
LogEE_D,SpAbs_Dzare
LogEE_D,SpMax_Dzare
LogEE_D,SpDiam_Dzare
LogEE_D,SpAD_Dzare
LogEE_D,LogEE_Dzare
LogEE_D,SpAbs_Dzp
LogEE_D,SpMax_Dzp
LogEE_D,SpDiam_Dzp
LogEE_D,SpAD_Dzp
LogEE_D,LogEE_Dzp
LogEE_D,SpAbs_Dzi
LogEE_D,SpMax_Dzi
LogEE_D,SpDiam_Dzi
LogEE_D,SpAD_Dzi
LogEE_D,LogEE_Dzi
LogEE_D,SpAbs_D
LogEE_D,SpMax_D
LogEE_D,SpDiam_D
LogEE_D,SpAD_D
VE1_D,VE3_DzZ
VE1_D,VE3_Dzm
VE1_D,VE3_Dzv
VE1_D,VE1_Dzse
VE1_D,VE3_Dzse
VE1_D,VE1_Dzpe
VE1_D,VE3_Dzpe
VE1_D,VE1_Dzare
VE1_D,VE3_Dzare
VE1_D,VE3_Dzp
VE1_D,VE1_Dzi
VE1_D,VE3_Dzi
VE2_D,VE2_DzZ
VE2_D,VE2_Dzm
VE2_D,VE2_Dzv
VE2_D,VR3_Dzv
VE2_D,VE2_Dzse
VE2_D,VE2_Dzpe
VE2_D,VE2_Dzare
VE2_D,VE2_Dzp
VE2_D,VR3_Dzp
VE2_D,VE2_Dzi
VE3_D,VE3_DzZ
VE3_D,VE1_Dzm
VE3_D,VE3_Dzm
VE3_D,VE3_Dzv
VE3_D,VE1_Dzse
VE3_D,VE3_Dzse
VE3_D,VE1_Dzpe
VE3_D,VE3_Dzpe
VE3_D,VE1_Dzare
VE3_D,VE3_Dzare
VE3_D,VE3_Dzp
VE3_D,VE1_Dzi
VE3_D,VE3_Dzi
VE3_D,VE1_D
VR1_D,VR1_DzZ
VR1_D,VR1_Dzm
VR1_D,VR1_Dzv
VR1_D,VR1_Dzse
VR1_D,VR1_Dzpe
VR1_D,VR1_Dzare
VR1_D,VR1_Dzp
VR1_D,VR1_Dzi
VR2_D,VR2_DzZ
VR2_D,VR2_Dzm
VR2_D,VR2_Dzv
VR2_D,VR2_Dzse
VR2_D,VR2_Dzpe
VR2_D,VR2_Dzare
VR2_D,VR2_Dzp
VR2_D,VR2_Dzi
VR3_D,VE2_DzZ
VR3_D,VR3_DzZ
VR3_D,VE2_Dzm
VR3_D,VR3_Dzm
VR3_D,VE2_Dzv
VR3_D,VR3_Dzv
VR3_D,VE2_Dzse
VR3_D,VR3_Dzse
VR3_D,VE2_Dzpe
VR3_D,VR3_Dzpe
VR3_D,VE2_Dzare
VR3_D,VR3_Dzare
VR3_D,VR3_Dzp
VR3_D,VE2_Dzi
VR3_D,VR3_Dzi
VR3_D,VE2_D
NsNH2,ATS0dv
NsNH2,ATS1dv
NsNH2,ATS2dv
NsNH2,ATS0d
NsNH2,ATS1d
NsNH2,ATS0s
NsNH2,ATS1s
NsNH2,ATS2Z
NsNH2,ATS2v
NsNH2,ATS3v
NsNH2,ATS3se
NsNH2,ATS4se
NsNH2,ATS2pe
NsNH2,ATS3pe
NsNH2,ATS4pe
NsNH2,ATS2are
NsNH2,ATS3are
NsNH2,ATS4are
NsNH2,ATS3p
NsNH2,ATSC0d
NsNH2,ATSC1d
NsNH2,ATSC2v
NsNH2,AATSC1d
NsNH2,AATSC2v
NsNH2,MATS2v
NsNH2,GATS2v
NsNH2,BCUTse-1l
NsNH2,Xc-5d
NsNH2,Xc-5dv
NsNH2,Xpc-4d
NsNH2,Xpc-4dv
NsNH2,Xp-0d
NsNH2,Xp-1d
NsNH2,Xp-3d
NssNH,ATS0dv
NssNH,ATS0d
NssNH,ATS1d
NssNH,ATS0s
NssNH,ATS1s
NssNH,ATS2Z
NssNH,ATS2v
NssNH,ATS3v
NssNH,ATS4se
NssNH,ATS4pe
NssNH,ATS4are
NssNH,ATS3p
NssNH,ATS3i
NssNH,ATS4i
NssNH,ATSC0d
NssNH,ATSC2v
NssNH,Xc-5dv
NssNH,Xpc-4dv
NssNH,Xp-0d
NssNH,Xp-1dv
NssNH,NsNH2
NsssN,ATS0dv
NsssN,ATS0d
NsssN,ATS1s
NsssN,ATS4se
NsssN,ATS4pe
NsssN,ATS4are
NsssN,ATS3i
NsssN,ATS4i
NsssN,NsNH2
NsssN,NssNH
NaasN,NaaNH
SsNH2,ATS0dv
SsNH2,ATS0d
SsNH2,ATS2Z
SsNH2,NsNH2
SsNH2,NssNH
SssNH,ATS0dv
SssNH,ATS0d
SssNH,NsNH2
SssNH,NssNH
SssNH,NsssN
SsssN,NssNH
SsssN,NsssN
SsssN,SssNH
SsOH,ATS2d
SsOH,ATS3d
SsOH,ATS4d
SsOH,ATS4v
SsOH,ATS4p
SsOH,Xpc-6dv
SdO,ATS2d
SdO,ATS3d
SdO,ATS3Z
SdO,ATS4Z
SdO,ATS4m
SdO,ATS3v
SdO,Xpc-6d
ECIndex,SpDiam_DzZ
ECIndex,SpDiam_Dzm
ECIndex,SpAbs_Dzv
ECIndex,SpMax_Dzv
ECIndex,SpDiam_Dzv
ECIndex,SpAD_Dzv
ECIndex,LogEE_Dzv
ECIndex,SpAbs_Dzse
ECIndex,SpMax_Dzse
ECIndex,SpDiam_Dzse
ECIndex,SpAD_Dzse
ECIndex,LogEE_Dzse
ECIndex,SpAbs_Dzpe
ECIndex,SpMax_Dzpe
ECIndex,SpDiam_Dzpe
ECIndex,SpAD_Dzpe
ECIndex,LogEE_Dzpe
ECIndex,SpAbs_Dzare
ECIndex,SpMax_Dzare
ECIndex,SpDiam_Dzare
ECIndex,SpAD_Dzare
ECIndex,LogEE_Dzare
ECIndex,SpAbs_Dzp
ECIndex,SpMax_Dzp
ECIndex,SpDiam_Dzp
ECIndex,SpAD_Dzp
ECIndex,LogEE_Dzp
ECIndex,SpAbs_Dzi
ECIndex,SpMax_Dzi
ECIndex,SpDiam_Dzi
ECIndex,SpAD_Dzi
ECIndex,LogEE_Dzi
ECIndex,SpAbs_D
ECIndex,SpMax_D
ECIndex,SpDiam_D
ECIndex,SpAD_D
ECIndex,LogEE_D
ETA_shape_p,ATS0dv
ETA_shape_p,ATS0d
ETA_shape_p,AXp-0d
ETA_shape_p,NsNH2
AETA_beta,ATSC0v
AETA_beta,ATSC1p
AETA_beta_ns,ATSC1p
AETA_beta_ns,AETA_beta
ETA_eta,ATS3d
ETA_eta,ATS4p
ETA_eta,SsOH
ETA_eta_L,ATS4i
AETA_eta_L,AETA_beta
AETA_eta_L,AETA_beta_ns
ETA_eta_R,ATS2d
ETA_eta_R,SpMAD_Dzse
ETA_eta_R,SpMAD_Dzpe
ETA_eta_R,SpMAD_Dzare
ETA_eta_R,SpMAD_Dzi
ETA_eta_R,Xpc-6d
ETA_eta_R,SpMAD_D
ETA_eta_R,SdO
ETA_eta_R,ETA_eta
AETA_eta_R,ABCGG
AETA_eta_R,ATS1d
AETA_eta_R,ATS2d
AETA_eta_R,ATS3v
AETA_eta_R,AATS2d
AETA_eta_R,AATS3d
AETA_eta_R,AATS3Z
AETA_eta_R,AATS3m
AETA_eta_R,AATS3v
AETA_eta_R,AATS3p
AETA_eta_R,ATSC1d
AETA_eta_R,AATSC1d
AETA_eta_R,SpAbs_DzZ
AETA_eta_R,SpMax_DzZ
AETA_eta_R,SpAD_DzZ
AETA_eta_R,LogEE_DzZ
AETA_eta_R,SpAbs_Dzm
AETA_eta_R,SpMax_Dzm
AETA_eta_R,SpAD_Dzm
AETA_eta_R,LogEE_Dzm
AETA_eta_R,SpAbs_Dzv
AETA_eta_R,SpMax_Dzv
AETA_eta_R,SpAD_Dzv
AETA_eta_R,LogEE_Dzv
AETA_eta_R,SpAbs_Dzse
AETA_eta_R,SpMax_Dzse
AETA_eta_R,SpAD_Dzse
AETA_eta_R,LogEE_Dzse
AETA_eta_R,SpAbs_Dzpe
AETA_eta_R,SpMax_Dzpe
AETA_eta_R,SpAD_Dzpe
AETA_eta_R,LogEE_Dzpe
AETA_eta_R,SpAbs_Dzare
AETA_eta_R,SpMax_Dzare
AETA_eta_R,SpAD_Dzare
AETA_eta_R,LogEE_Dzare
AETA_eta_R,SpAbs_Dzp
AETA_eta_R,SpMax_Dzp
AETA_eta_R,SpAD_Dzp
AETA_eta_R,LogEE_Dzp
AETA_eta_R,SpAbs_Dzi
AETA_eta_R,SpMax_Dzi
AETA_eta_R,SpAD_Dzi
AETA_eta_R,LogEE_Dzi
AETA_eta_R,Xpc-6d
AETA_eta_R,SpAbs_D
AETA_eta_R,SpMax_D
AETA_eta_R,SpAD_D
AETA_eta_R,LogEE_D
ETA_eta_RL,SpAbs_A
ETA_eta_RL,SpAD_A
ETA_eta_RL,ATS0dv
ETA_eta_RL,ATS0d
ETA_eta_RL,ATS4i
ETA_eta_RL,Xc-3dv
ETA_eta_RL,Xp-1d
ETA_eta_RL,Xp-1dv
ETA_eta_RL,Xp-2dv
ETA_eta_RL,NsNH2
ETA_eta_F,ETA_eta_R
ETA_eta_FL,ATS3s
AETA_eta_FL,AETA_beta
AETA_eta_FL,AETA_beta_ns
AETA_eta_FL,AETA_eta_L
ETA_eta_B,SpAbs_A
ETA_eta_B,SpAD_A
ETA_eta_B,ATS0dv
ETA_eta_B,ATS0d
ETA_eta_B,ATS4i
ETA_eta_B,Xc-3dv
ETA_eta_B,Xp-1d
ETA_eta_B,Xp-1dv
ETA_eta_B,Xp-2dv
ETA_eta_B,NsNH2
ETA_eta_B,ETA_eta_RL
ETA_eta_BR,SpAbs_A
ETA_eta_BR,SpAD_A
ETA_eta_BR,ATS0dv
ETA_eta_BR,ATS0d
ETA_eta_BR,ATS4i
ETA_eta_BR,Xc-3dv
ETA_eta_BR,Xp-1d
ETA_eta_BR,Xp-1dv
ETA_eta_BR,Xp-2dv
ETA_eta_BR,NsNH2
ETA_eta_BR,ETA_eta_RL
ETA_eta_BR,ETA_eta_B
AETA_eta_BR,AETA_eta_B
ETA_epsilon_1,AATS0dv
ETA_epsilon_1,AATS0se
ETA_epsilon_1,AATS1se
ETA_epsilon_1,AATS0pe
ETA_epsilon_1,AATS1pe
ETA_epsilon_1,AATS0are
ETA_epsilon_1,AATS1are
ETA_epsilon_1,Mse
ETA_epsilon_1,Mpe
ETA_epsilon_1,Mare
ETA_epsilon_2,AATSC0se
ETA_epsilon_2,AATSC0pe
ETA_epsilon_2,AATSC0are
ETA_epsilon_4,Mpe
ETA_epsilon_4,ETA_epsilon_1
ETA_epsilon_5,AATSC0se
ETA_epsilon_5,AATSC0pe
ETA_epsilon_5,AATSC0are
ETA_epsilon_5,ETA_epsilon_2
ETA_dEpsilon_A,AATS0dv
ETA_dEpsilon_A,AATS0se
ETA_dEpsilon_A,AATS0pe
ETA_dEpsilon_A,AATS0are
ETA_dEpsilon_A,Mse
ETA_dEpsilon_A,Mpe
ETA_dEpsilon_A,Mare
ETA_dEpsilon_A,ETA_epsilon_1
ETA_dEpsilon_A,ETA_epsilon_4
ETA_dEpsilon_C,ETA_epsilon_1
ETA_dEpsilon_C,ETA_epsilon_4
ETA_dEpsilon_C,ETA_dEpsilon_A
AETA_dBeta,AETA_beta
AETA_dBeta,AETA_beta_ns
ETA_psi_1,AATSC0se
ETA_psi_1,AATSC0pe
ETA_psi_1,AATSC0are
ETA_psi_1,ETA_epsilon_2
ETA_psi_1,ETA_epsilon_5
ETA_dPsi_A,AATSC0se
ETA_dPsi_A,AATSC0pe
ETA_dPsi_A,AATSC0are
ETA_dPsi_A,ETA_epsilon_2
ETA_dPsi_A,ETA_epsilon_5
ETA_dPsi_A,ETA_psi_1
fragCpx,ETA_epsilon_3
nHBDon,ATS0dv
nHBDon,ATS1dv
nHBDon,ATS2dv
nHBDon,ATS0d
nHBDon,ATS1d
nHBDon,ATS0s
nHBDon,ATS1s
nHBDon,ATS2Z
nHBDon,ATS2v
nHBDon,ATS3v
nHBDon,ATS3se
nHBDon,ATS4se
nHBDon,ATS2pe
nHBDon,ATS3pe
nHBDon,ATS4pe
nHBDon,ATS2are
nHBDon,ATS3are
nHBDon,ATS4are
nHBDon,ATS3p
nHBDon,ATSC0d
nHBDon,ATSC1d
nHBDon,ATSC2v
nHBDon,AATSC1d
nHBDon,AATSC2v
nHBDon,MATS2v
nHBDon,GATS2v
nHBDon,BCUTse-1l
nHBDon,Xc-5d
nHBDon,Xc-5dv
nHBDon,Xpc-4d
nHBDon,Xpc-4dv
nHBDon,Xp-0d
nHBDon,Xp-1d
nHBDon,Xp-3d
nHBDon,NsNH2
nHBDon,NssNH
nHBDon,NsssN
nHBDon,SsNH2
nHBDon,SssNH
nHBDon,ETA_shape_p
nHBDon,ETA_eta_RL
nHBDon,ETA_eta_B
nHBDon,ETA_eta_BR
IC4,IC3
IC5,IC3
IC5,IC4
TIC0,IC0
TIC1,IC1
TIC4,AATS2dv
TIC4,TIC3
TIC5,AATS2dv
TIC5,AATS1s
TIC5,TIC3
TIC5,TIC4
SIC0,IC0
SIC0,TIC0
SIC1,IC1
SIC1,TIC1
SIC2,IC2
SIC3,IC3
SIC4,IC4
SIC4,IC5
SIC4,SIC3
SIC5,IC4
SIC5,IC5
SIC5,SIC3
SIC5,SIC4
BIC0,IC0
BIC0,TIC0
BIC0,SIC0
BIC1,IC1
BIC1,TIC1
BIC1,SIC1
BIC2,IC2
BIC2,SIC2
BIC3,IC3
BIC3,SIC3
BIC3,SIC4
BIC3,SIC5
BIC4,IC3
BIC4,IC4
BIC4,IC5
BIC4,SIC3
BIC4,SIC4
BIC4,SIC5
BIC4,BIC3
BIC5,IC3
BIC5,IC4
BIC5,IC5
BIC5,SIC3
BIC5,SIC4
BIC5,SIC5
BIC5,BIC3
BIC5,BIC4
CIC0,ATSC0se
CIC0,IC0
CIC0,TIC0
CIC0,SIC0
CIC0,BIC0
CIC1,IC1
CIC1,TIC1
CIC1,SIC1
CIC1,BIC1
CIC2,IC2
CIC2,SIC2
CIC2,BIC2
CIC3,IC3
CIC3,SIC3
CIC3,SIC4
CIC3,SIC5
CIC3,BIC3
CIC3,BIC4
CIC4,IC4
CIC4,SIC3
CIC4,SIC4
CIC4,SIC5
CIC4,BIC3
CIC4,BIC4
CIC4,BIC5
CIC4,CIC3
CIC5,SIC3
CIC5,SIC4
CIC5,SIC5
CIC5,BIC3
CIC5,BIC4
CIC5,BIC5
CIC5,CIC3
CIC5,CIC4
MIC0,IC0
MIC0,TIC0
MIC0,SIC0
MIC0,BIC0
MIC0,CIC0
MIC4,MIC3
MIC5,MIC3
MIC5,MIC4
ZMIC0,IC0
ZMIC0,TIC0
ZMIC0,SIC0
ZMIC0,BIC0
ZMIC0,CIC0
ZMIC0,MIC0
ZMIC1,TIC1
ZMIC2,TIC2
ZMIC3,TIC3
ZMIC4,ZMIC3
ZMIC5,ZMIC3
ZMIC5,ZMIC4
Kier2,ATS0d
Kier2,NsNH2
Kier2,nHBDon
Kier3,ATS1d
Kier3,ATS2d
Kier3,ATS3Z
Kier3,ATS3m
Kier3,ATS3v
Kier3,ATSC1d
Kier3,MATS1d
Kier3,Kier2
FilterItLogS,ATS0dv
FilterItLogS,ATS0d
FilterItLogS,ATS2Z
FilterItLogS,NsNH2
FilterItLogS,nHBDon
SMR_VSA3,ATS0dv
SMR_VSA3,ATS0d
SMR_VSA3,ATS2Z
SMR_VSA3,Xp-0d
SMR_VSA3,NsNH2
SMR_VSA3,NssNH
SMR_VSA3,nHBDon
VSA_EState2,NsssN
VSA_EState2,SsssN
VSA_EState3,NssNH
VSA_EState3,SssNH
VSA_EState4,SsNH2
VSA_EState4,VSA_EState3
MID,ATS0dv
MID,ATS0d
MID,ATSC2v
MID,Xpc-4d
MID,Xp-3d
MID,NsNH2
MID,NssNH
MID,nHBDon
AMID,AXp-0d
MID_C,MID
AMID_C,AMID_h
MID_N,ATS0d
MID_N,ATS2d
MID_N,ATS1s
MID_N,ATS3v
MID_N,ATS3p
MID_N,NsNH2
MID_N,NssNH
MID_N,nHBDon
AMID_O,AATSC0se
AMID_O,AATSC0pe
AMID_O,AATSC0are
AMID_O,IC0
AMID_O,SIC0
AMID_O,BIC0
AMID_O,MIC0
AMID_X,MID_X
MPC2,ATS0dv
MPC2,ATS1dv
MPC2,ATS2dv
MPC2,ATS0d
MPC2,ATS1d
MPC2,ATS0s
MPC2,ATS1s
MPC2,ATS2Z
MPC2,ATS2v
MPC2,ATS3v
MPC2,ATS3se
MPC2,ATS4se
MPC2,ATS2pe
MPC2,ATS3pe
MPC2,ATS4pe
MPC2,ATS2are
MPC2,ATS3are
MPC2,ATS4are
MPC2,ATS3p
MPC2,ATSC0d
MPC2,ATSC1d
MPC2,ATSC2v
MPC2,AATSC1d
MPC2,AATSC2v
MPC2,MATS2v
MPC2,GATS2v
MPC2,BCUTse-1l
MPC2,Xc-5d
MPC2,Xc-5dv
MPC2,Xpc-4d
MPC2,Xpc-4dv
MPC2,Xp-0d
MPC2,Xp-1d
MPC2,Xp-3d
MPC2,NsNH2
MPC2,NssNH
MPC2,NsssN
MPC2,SsNH2
MPC2,SssNH
MPC2,ETA_shape_p
MPC2,ETA_eta_RL
MPC2,ETA_eta_B
MPC2,ETA_eta_BR
MPC2,nHBDon
MPC2,Kier2
MPC2,FilterItLogS
MPC2,SMR_VSA3
MPC2,MID
MPC2,MID_N
MPC3,ATS0dv
MPC3,ATS1dv
MPC3,ATS2dv
MPC3,ATS3dv
MPC3,ATS0d
MPC3,ATS1d
MPC3,ATS2d
MPC3,ATS3d
MPC3,ATS1s
MPC3,ATS2Z
MPC3,ATS3Z
MPC3,ATS4Z
MPC3,ATS3m
MPC3,ATS4m
MPC3,ATS3v
MPC3,ATS3p
MPC3,AATS2d
MPC3,AATS3v
MPC3,ATSC1d
MPC3,AATSC1d
MPC3,MATS1d
MPC3,Xpc-5d
MPC3,Xpc-6d
MPC3,Xpc-4dv
MPC3,Xpc-5dv
MPC3,Xp-4d
MPC3,Xp-3dv
MPC3,NsNH2
MPC3,NssNH
MPC3,AETA_eta_R
MPC3,nHBDon
MPC3,Kier3
MPC3,MPC2
MPC4,ATS1d
MPC4,ATS2d
MPC4,ATS3d
MPC4,ATS4Z
MPC4,ATS4m
MPC4,ATS3v
MPC4,ATS4v
MPC4,ATS4p
MPC4,ATSC2d
MPC4,AATSC2d
MPC4,Xpc-6d
MPC4,Xpc-5dv
MPC4,Xpc-6dv
MPC4,Xp-4dv
MPC4,MPC3
MPC5,Xp-5d
MPC5,Xp-5dv
MPC5,MPC4
MPC6,Xp-6d
MPC6,MPC5
MPC7,Xp-7d
MPC7,MPC6
MPC8,MPC7
MPC9,MPC8
MPC10,MPC9
TMPC10,MPC7
TMPC10,MPC8
TMPC10,MPC9
piPC4,piPC3
n8Ring,nRing
nHRing,nRing
nHRing,n8Ring
n8HRing,nRing
n8HRing,n8Ring
n8HRing,nHRing
nARing,nRing
nARing,n8Ring
nARing,nHRing
nARing,n8HRing
n8ARing,nRing
n8ARing,n8Ring
n8ARing,nHRing
n8ARing,n8HRing
n8ARing,nARing
nAHRing,nRing
nAHRing,n8Ring
nAHRing,nHRing
nAHRing,n8HRing
nAHRing,nARing
nAHRing,n8ARing
n8AHRing,nRing
n8AHRing,n8Ring
n8AHRing,nHRing
n8AHRing,n8HRing
n8AHRing,nARing
n8AHRing,n8ARing
n8AHRing,nAHRing
SMR,NsssN
TopoPSA,TopoPSA(NO)
GGI2,Xpc-4d
GGI2,Xp-3d
GGI3,ATS1d
GGI3,ATS3Z
GGI3,ATS3m
GGI3,ATSC1d
GGI3,AATSC1d
GGI3,MATS1d
GGI3,Xpc-5d
GGI3,Xpc-6d
GGI3,Xpc-5dv
GGI3,Xp-4d
GGI3,MPC3
GGI4,ATS2d
GGI4,ATS3d
GGI4,Xpc-6d
GGI4,Xpc-6dv
GGI4,MPC4
GGI4,MPC5
JGI2,GGI2
Diameter,ECIndex
PetitjeanIndex,TopoShapeIndex
MWC02,LogEE_A
MWC02,AATS0d
MWC03,AATS0d
MWC03,AATS1d
MWC03,AATS2v
MWC03,AATSC0d
MWC03,MWC02
MWC04,AATS0d
MWC04,AATS1d
MWC04,AATS2v
MWC04,AATSC0d
MWC04,MWC02
MWC04,MWC03
MWC05,SpMax_A
MWC05,AATS0d
MWC05,AATS1d
MWC05,AATS2d
MWC05,AATS2v
MWC05,AATSC0d
MWC05,MWC03
MWC05,MWC04
MWC06,SpMax_A
MWC06,AATS0d
MWC06,AATS1d
MWC06,AATS2d
MWC06,AATSC0d
MWC06,MWC03
MWC06,MWC04
MWC06,MWC05
MWC07,SpMax_A
MWC07,SpDiam_A
MWC07,AATS0d
MWC07,AATS1d
MWC07,AATS2d
MWC07,MWC03
MWC07,MWC04
MWC07,MWC05
MWC07,MWC06
MWC08,SpMax_A
MWC08,SpDiam_A
MWC08,AATS0d
MWC08,AATS1d
MWC08,AATS2d
MWC08,MWC03
MWC08,MWC04
MWC08,MWC05
MWC08,MWC06
MWC08,MWC07
MWC09,SpMax_A
MWC09,SpDiam_A
MWC09,AATS1d
MWC09,AATS2d
MWC09,MWC03
MWC09,MWC04
MWC09,MWC05
MWC09,MWC06
MWC09,MWC07
MWC09,MWC08
MWC10,SpMax_A
MWC10,SpDiam_A
MWC10,AATS1d
MWC10,AATS2d
MWC10,MWC03
MWC10,MWC04
MWC10,MWC05
MWC10,MWC06
MWC10,MWC07
MWC10,MWC08
MWC10,MWC09
TMWC10,SpMax_A
TMWC10,AATS0d
TMWC10,AATS1d
TMWC10,AATS2d
TMWC10,AATSC0d
TMWC10,MWC03
TMWC10,MWC04
TMWC10,MWC05
TMWC10,MWC06
TMWC10,MWC07
TMWC10,MWC08
TMWC10,MWC09
TMWC10,MWC10
SRW02,LogEE_A
SRW02,VAdjMat
SRW04,AATS0d
SRW04,MWC02
SRW04,MWC03
SRW04,MWC04
SRW04,MWC05
SRW05,Xch-3d
SRW05,Xch-3dv
SRW06,AATS0d
SRW06,AATS1d
SRW06,AATS2v
SRW06,AATSC0d
SRW06,MWC02
SRW06,MWC03
SRW06,MWC04
SRW06,MWC05
SRW06,MWC06
SRW06,MWC07
SRW06,MWC08
SRW06,MWC09
SRW06,MWC10
SRW06,TMWC10
SRW06,SRW04
SRW08,AATS0d
SRW08,AATS1d
SRW08,AATS2v
SRW08,AATSC0d
SRW08,MWC03
SRW08,MWC04
SRW08,MWC05
SRW08,MWC06
SRW08,MWC07
SRW08,MWC08
SRW08,MWC09
SRW08,MWC10
SRW08,TMWC10
SRW08,SRW04
SRW08,SRW06
SRW10,SpMax_A
SRW10,AATS0d
SRW10,AATS1d
SRW10,AATS2d
SRW10,AATS2v
SRW10,AATSC0d
SRW10,AXp-2d
SRW10,MWC03
SRW10,MWC04
SRW10,MWC05
SRW10,MWC06
SRW10,MWC07
SRW10,MWC08
SRW10,MWC09
SRW10,MWC10
SRW10,TMWC10
SRW10,SRW06
SRW10,SRW08
TSRW10,AATS0d
TSRW10,AATS1d
TSRW10,AATS2v
TSRW10,AATSC0d
TSRW10,MWC03
TSRW10,MWC04
TSRW10,MWC05
TSRW10,MWC06
TSRW10,MWC07
TSRW10,MWC08
TSRW10,MWC09
TSRW10,MWC10
TSRW10,TMWC10
TSRW10,SRW06
TSRW10,SRW08
TSRW10,SRW10
AMW,AATS0Z
AMW,AATS0m
AMW,MZ
AMW,Mm
WPol,ATS0dv
WPol,ATS1dv
WPol,ATS2dv
WPol,ATS3dv
WPol,ATS0d
WPol,ATS1d
WPol,ATS2d
WPol,ATS3d
WPol,ATS1s
WPol,ATS2Z
WPol,ATS3Z
WPol,ATS4Z
WPol,ATS3m
WPol,ATS4m
WPol,ATS3v
WPol,ATS4v
WPol,ATS4pe
WPol,ATS4are
WPol,ATS3p
WPol,AATS2d
WPol,AATS3m
WPol,AATS3v
WPol,ATSC1d
WPol,AATSC1d
WPol,MATS1d
WPol,Xpc-5d
WPol,Xpc-6d
WPol,Xpc-4dv
WPol,Xpc-5dv
WPol,NsNH2
WPol,NssNH
WPol,SdO
WPol,ETA_eta_R
WPol,AETA_eta_R
WPol,nHBDon
WPol,Kier3
WPol,MPC2
WPol,MPC3
WPol,MPC4
WPol,GGI3
Zagreb1,ATS0dv
Zagreb1,ATS1dv
Zagreb1,ATS2dv
Zagreb1,ATS0d
Zagreb1,ATS1d
Zagreb1,ATS0s
Zagreb1,ATS1s
Zagreb1,ATS2Z
Zagreb1,ATS2v
Zagreb1,ATS3v
Zagreb1,ATS3se
Zagreb1,ATS4se
Zagreb1,ATS2pe
Zagreb1,ATS3pe
Zagreb1,ATS4pe
Zagreb1,ATS2are
Zagreb1,ATS3are
Zagreb1,ATS4are
Zagreb1,ATS3p
Zagreb1,ATSC0d
Zagreb1,ATSC1d
Zagreb1,ATSC2v
Zagreb1,AATSC1d
Zagreb1,AATSC2v
Zagreb1,MATS2v
Zagreb1,GATS2v
Zagreb1,BCUTse-1l
Zagreb1,Xc-5d
Zagreb1,Xc-5dv
Zagreb1,Xpc-4d
Zagreb1,Xpc-4dv
Zagreb1,Xp-0d
Zagreb1,Xp-1d
Zagreb1,Xp-3d
Zagreb1,NsNH2
Zagreb1,NssNH
Zagreb1,NsssN
Zagreb1,SsNH2
Zagreb1,SssNH
Zagreb1,ETA_shape_p
Zagreb1,ETA_eta_RL
Zagreb1,ETA_eta_B
Zagreb1,ETA_eta_BR
Zagreb1,nHBDon
Zagreb1,Kier2
Zagreb1,FilterItLogS
Zagreb1,SMR_VSA3
Zagreb1,MID
Zagreb1,MID_N
Zagreb1,MPC2
Zagreb1,MPC3
Zagreb1,WPol
Zagreb2,ATS0dv
Zagreb2,ATS1dv
Zagreb2,ATS2dv
Zagreb2,ATS3dv
Zagreb2,ATS0d
Zagreb2,ATS1d
Zagreb2,ATS2d
Zagreb2,ATS3d
Zagreb2,ATS1s
Zagreb2,ATS2Z
Zagreb2,ATS3Z
Zagreb2,ATS4Z
Zagreb2,ATS3m
Zagreb2,ATS4m
Zagreb2,ATS3v
Zagreb2,ATS3p
Zagreb2,AATS2d
Zagreb2,AATS3v
Zagreb2,ATSC1d
Zagreb2,AATSC1d
Zagreb2,MATS1d
Zagreb2,Xpc-5d
Zagreb2,Xpc-6d
Zagreb2,Xpc-4dv
Zagreb2,Xpc-5dv
Zagreb2,Xp-4d
Zagreb2,Xp-3dv
Zagreb2,NsNH2
Zagreb2,NssNH
Zagreb2,AETA_eta_R
Zagreb2,nHBDon
Zagreb2,Kier3
Zagreb2,MPC2
Zagreb2,MPC3
Zagreb2,MPC4
Zagreb2,GGI3
Zagreb2,WPol
Zagreb2,Zagreb1
mZagreb1,ATS0dv
mZagreb1,ATS0d
mZagreb1,ATS2Z
mZagreb1,NsNH2
mZagreb1,NssNH
mZagreb1,nHBDon
mZagreb1,MPC2
mZagreb1,Zagreb1
mZagreb2,ABC
mZagreb2,Xp-2d
